subsystem	scope	status	gate	note	sources
# The single source of what is PROVEN vs not. Status: PROVEN (executed gate vs the
# plugin) | RECONSTRUCTED (transcribed from the decompile, no per-value execution gate)
# | CAPTURED (value came from a runtime capture, not the plugin's own recall - forbidden
# ground truth, must be replaced) | UNVERIFIED (no gate). "Done" = zero non-PROVEN rows.
# Checked structurally by tools/verify/provenance_check.py; run the gates via `make verify`.
# gate column points at a runnable file (or '-'); '+' joins several.
juno_curve	all 66 curve arms	PROVEN	tests/test_apply_golden.c	31,514 (curve,value) vs Unicorn, 0 mismatch	src/juno_curve.c
juno_ftz	denormal flush	PROVEN	tests/test_denormal.c	FTZ/DAZ keeps recursive state clean	src/juno_ftz.c
voice recall (front panel)	67 voice-0 cells	PROVEN	tools/verify/recall_gate.py	67/67 vs plugin's own recall enumerator 0x3B48A0, all 64 patches	src/juno_apply.c
DCO RANGE / LFO / PWM recall	751-760	PROVEN	tools/verify/verify_dropped_luts.py	896/896 setter outputs 44.1/48/96k (this session)	src/juno_apply.c
exhaustive recall (single-input)	40 front-panel cells	PROVEN	tools/verify/recall_exhaustive_gate.py	30,720/30,720: port recall == plugin setter for EVERY byte 0..255 x 44.1/48/96k, ALL single-input front-panel cells. Multi-input cells 592/1072/4128/7472/10240/10256 (products/joints) deferred to recall_gate factory combos + formula tests (256^k joint exhaustion out of scope)	src/juno_apply.c
bend/mod sensitivity	4128/7472/3984/7360	PROVEN	tests/test_bend_mod_sens.c	product-formula recall, 240/240 vs oracle	src/juno_apply.c
CONDITION analog scatter	5520/7600/10320 x8	PROVEN	tests/test_condition_scatter.c	per-voice detune/level, bit-exact	src/juno_apply.c
VCA mode / LFO trig / HPF type	10176-10208 / 2560 / 10240	PROVEN	tests/test_apply_golden.c	extended-leaf recall, oracle-anchored	src/juno_apply.c;src/hpf_type_lut.c
sample-rate variant recall	ENV/LFO/HPF arms, porta	PROVEN	tests/test_recall_rate.c	bit-exact at 44100/48000/96000 ONLY	src/juno_apply.c
voice render	src/voice_render.c	PROVEN	tools/verify/recall_render_ab.py + tools/verify/recall_gate.py	whole-path render bit-exact vs the plugin on ALL 64 factory patches (57 non-arp + 7 arp via arp_render_ab), subsuming the voice path; includes the 1856 cross-voice held flag, "a voice still gated" (the gate leaf, rva 0x3B1C58; corrected 2026-10-07 by tools/verify/note_bcast_gate.py 'steal'). test_teensy_golden guards x86==ARM reproducibility only.	src/voice_render.c;src/juno_dsp.c;src/juno_tables.h;src/juno_ramp.c;src/juno_note.c;src/juno_crt_expf.h
master render	src/master_render.c	PROVEN	tools/verify/recall_render_ab.py + tools/verify/arp_render_ab.py	whole-path render A/B bit-exact vs the plugin's own recall+render on ALL 64 factory patches (57 non-arp + 7 arp) — every rendered sample passes through this path, zero opens (the row's own bar, "not PROVEN until all patches pass", is met). Tier-B transcription audit vs sub_180363380 is historical corroboration. test_master_smoke is a crash/NaN check only.	src/master_render.c
voice allocation	juno_bridge poly/mono	PROVEN	tests/test_voice_alloc.c	CAssignJu60 slot order 7->0	gui/juno_bridge.c;src/juno_driver.c
arpeggiator pattern/onset/release	src/carp.c	PROVEN	tools/verify/arp_sched_ab.py + tools/verify/arp_render_ab.py + tests/test_arp_pattern.c	SCHEDULE 7/7 bit-exact vs the plugin's OWN arp executed under emulation (recall + controller-method enable + transport ticks; closed #96 via the per-enable beat-requant re-latch, commit 527398e); RENDER of the proven schedule 7/7 bit-exact through the full voice+master path (closed via the 1856 any-key-held cross-voice broadcast). Factory arp scenario (7 presets' TYPE/STEP configs, held note, BPM 120); non-factory pattern grids unit-gated (test_arp_pattern)	src/carp.c;src/carp_patterns.h
init / prepare constants	juno_init.c / juno_prepare.c	PROVEN	tools/verify/coldstate_ab.py	cold-state A/B: the port's power-on state (juno_engine_init + juno_engine_prepare + juno_chorus_init) is bit-identical to the plugin's OWN constructor+setSampleRate (BUILD 0x3C68D0 + setSR 0x3C7A20 + snap-all) executed under Unicorn, at 18 host rates (8000 .. 384000, make verify). Only accepted diffs: the C++ object header (<176/voice: vptrs+counters, proven audio-inert by the bit-exact render A/B). No other cell is excluded since 2026-10-06: the start-up mute counter (11022344, BUILD's 960) is armed on the port side (juno_driver_arm_latch) and compared; the gate's self-check refuses any exclusion that reaches the audio	src/juno_init.c;src/juno_prepare.c;src/chorus_init.c
FX render (delay/reverb/chorus/modes)	master path, per patch	PROVEN	tools/verify/recall_render_ab.py + tools/verify/arp_render_ab.py + tools/verify/etmode_ab.py	render A/B is the ONLY reliable FX gate for the FACTORY bank; etmode_ab.py additionally proves the EFFECT TYPE 0..5 recall (chorus_recall etype>=2 + effect_modes 1/5, incl. the flanger structural block) via a synthetic-mode oracle-vs-port state A/B (864 cells, 6 modes x 4 rates x 3 base patches, 0 mismatch) -- no factory patch reaches EFFECT TYPE 2-5, so this closes their live-gate hole. (FX state is prepare/render-populated, so cold apply_bank cannot be gated). ALL 64 factory patches BIT-EXACT vs the plugin's own recall+render: 57 non-arp (recall_render_ab) + 7 arp (arp_render_ab, proven-schedule replay). History: 52/64 (A3) -> 57/64 (B1: executed per-patch delay-feedback law replaced the captured constant) -> 64/64 (arp schedule beat-requant + 1856 cross-voice broadcast)	src/reverb_recall.c;src/chorus_recall.c;src/effect_modes.c;src/chorus_luts.h;src/effect_luts.h;src/delay_recall.c
delay feedback + direct level	102560 / 102512	PROVEN	tools/verify/delay_fb_sweep.py + tools/verify/recall_render_ab.py + tests/test_delay_recall.c	B1: per-patch laws executed from the plugin's own dispatch (idx 1179/1181), bit-exact 768/768 over all 256 bytes x 3 rates, rate-independent: 102560 = f32(byte/255)*f32(0.9), 102512 = byte/255. Replaced the captured 0.4235/1.0 constants (== the modal factory bytes fb 120 / direct 255, which is why the capture coincided). Render A/B: all 5 formerly-failing delay patches [6,45,46,50,54] now BIT-EXACT; 57/64 overall.	src/delay_recall.c
delay fine-FX filter	HIGH CUT/LF+HF DAMP+FREQ 102368..102672 (DELAY TYPE 0 first inst) + 4297600..4297968 (DELAY TYPE 1 second inst) + 6497184..6497488 (DELAY TYPE 5 slot-1 reverb)	PROVEN	tools/verify/finefx_pillar3_gate.py + tools/verify/recall_render_ab.py + tests/test_delay_recall.c	#116 B1: the fine delay-filter leaves (dispatch 1180/1182..1185) are NOT fired by the plugin's recall enumerator (0x3B48A0), so both the port and the render-A/B oracle left these high-cut/damp cells frozen at the plugin default (delay_recall.c FILT[]/put_rate) -- a shared blind spot. The per-byte setter law is executed from the plugin's OWN dispatch under Unicorn at all 4 host rates (tools/verify/finefx_delay_rates.py -> gen_finefx_c.py -> finefx_tables.h); at the default byte every row EQUALS the frozen FILT/put_rate constant (HIGH CUT byte 7, DAMP byte 0, LF/HF DAMP FREQ arms == ARM_LFX2/ARM_HFDMP) -- a strict generalization, identity at the default. recall_render_ab.py's oracle now DISPATCHES these leaves for TYPE-0 patches (DELAY_FILT_LEAVES, gated on DELAY TYPE==0), closing the blind spot: render A/B BIT-EXACT 57/57 at 48k AND 44.1k WITH the fine-FX in the loop. Corrected 18 factory TYPE-0 patches (HIGH CUT=3/HF DAMP=12/HF DAMP FREQ=3). Guarded by test_delay_recall case 7. CONTEXT-DEPENDENCE (W0, finefx_multictx_probe.py): the fine-FX law is context-dependent by DELAY TYPE -- TYPE 0 writes the first instance (102xxx), TYPE 1 (dual delay) writes the SECOND instance (4297xxx) with the IDENTICAL per-byte law (verified law(DT1)==law(DT0) all leaves), TYPE 4 writes NO fine-FX cell. Port applies the second instance via juno_apply_delay_finefx_2nd (finefx_recall.c) from the TYPE-1 arm, identity at the default byte (== DLY1_B constants). finefx_pillar3_gate.py exhaustively proves ALL THREE contexts (DT0 first inst 102xxx + DT1 second inst 4297xxx + DT5 slot-1-reverb 6497xxx) bit-exact over every byte x 4 rates; recall_render_ab dispatches the delay leaves for DELAY TYPE in {0,1,5}. TYPE 5 identity at the default byte (== S1REVERB constants), all 4 factory TYPE-5 patches default. Guarded by test_delay_recall case 9 (TYPE-1) + case 10 (TYPE-5 slot-1 reverb). (TYPE 4 = no cells, nothing to apply -- proven by finefx_fullctx_audit.py, which swept EVERY delay leaf x DELAY TYPE 0..5 and every chorus/reverb context.)	src/finefx_recall.c;src/finefx_tables.h
reverb fine-FX filter/gain	LOW/HIGH CUT/DENSITY/DIRECT 10759392..10759632	PROVEN	tools/verify/finefx_pillar3_gate.py + tools/verify/recall_render_ab.py + tests/test_reverb_recall.c	#116: reverb LOW CUT (1324)/HIGH CUT (1325)/DENSITY (1326)/DIRECT LEVEL (1327) are NOT in the plugin's recall enumerator (blind spot) but a host applies them via 0x3B9A30; the coefficient cell materializes when the reverb smoother settles. The law is the plugin's own smoother TARGET, captured by dispatch 0x3B9A30 + e2e_emu.snap_all at all 4 host rates (tools/verify/reverb_finefx_derive.py -> gen_reverb_finefx_c.py -> finefx_tables.h); snap-settle == render-materialized coeff bit-for-bit (scratchpad/snap_test.py), avoiding the recursive-effect render-diff confounding. LOW/HIGH CUT rate-armed; DENSITY/DIRECT rate-independent. recall_render_ab's oracle now dispatches these leaves unconditionally (REVERB_FINEFX_LEAVES; the master always runs the reverb tank), render A/B BIT-EXACT with them in the loop. Guarded by test_reverb_recall (non-default LOW CUT=17/HIGH CUT=0/DENSITY=5/DIRECT=128 @44.1k). CONTEXT-INDEPENDENT (W0, finefx_multictx_probe.py): the cell set + per-byte law are IDENTICAL across REVERB TYPE 0..5 (the master reverb tank runs regardless), so the single applier is correct for every type; finefx_pillar3_gate pins REVERB TYPE 0 AND 5. REVERB PRE DELAY (1323, W1) IS NOW PROVEN: the plugin's own PRE DELAY setter (dispatch idx 1323 -- verified idx 876 is REVERB TYPE / 877 is TIME) shifts the whole reverb tap array (33 ints 11022212..11022340) uniformly by predelay(byte)-predelay(20) and writes the master predelay cell 10759360 = (float)predelay, predelay = max((byte*Hr)/1000 - 2, 0). Executed over EVERY byte x 4 rates x 3 REVERB TYPE classes (tools/verify/reverb_predelay_derive.py; uniform shift + byte-20==RTAP44/RTAP96 baseline confirmed for all classes). Port applies it in src/reverb_recall.c juno_write_reverb_taps_pd + juno_apply_reverb (identity at the default byte 20 -> pre-W1 taps unchanged, so no factory regression; all 64 factory patches are PRE DELAY 20). finefx_pillar3_gate exhaustively pins RT0/RT1/RT2 (TYPE 0/1/2 tap classes, TYPE 3/4/5 share class 2); recall_render_ab dispatches 1323 unconditionally (identity at factory default). Reverb fine-FX 1324-1327 additionally proven TYPE-independent (scratchpad/revfinefx_typedep_probe.py) -- the W0 TIME-forced proof has no TYPE hole. Guarded by test_reverb_recall PRE DELAY cases.	src/finefx_recall.c;src/finefx_tables.h;src/reverb_recall.c
slot-1 chorus fine-FX	CHORUS HIGH/LOW CUT/PRE DELAY 6396128..6396352 (DELAY TYPE 2/3)	PROVEN	tools/verify/finefx_pillar3_gate.py + tools/verify/recall_render_ab.py + tests/test_delay_recall.c	#116: the CHORUS HIGH CUT (1212)/LOW CUT (1211)/PRE DELAY (1210) params apply ONLY to the DELAY-TYPE-2/3 slot-1 chorus (the slot-2 EFFECT-TYPE chorus has NO fine filters -- 0 cells, proven by dispatch+snap discovery). Law = the plugin's own smoother TARGET via 0x3B9A30 + e2e_emu.snap_all at all 4 rates (chorus_finefx_derive.py). At the default byte (HIGH 13/LOW 2/PRE 20) every value EQUALS delay_recall.c's S1CHORUS/ARM_CHLF/ARM_CHDEP constants -- identity at the default. Applied by finefx_recall.c juno_apply_chorus_finefx from apply_slot1_chorus; HIGH CUT rate-indep (6396192..320), LOW CUT rate-armed (6396336/352), PRE DELAY rate-armed (6396128). recall_render_ab's oracle dispatches CHORUS_FINEFX_LEAVES for DELAY TYPE in {2,3}; render A/B BIT-EXACT with them in the loop. Guarded by test_delay_recall case 8 (HIGH CUT=0/LOW CUT=17/PRE DELAY=80 @44.1k). CONTEXT (W0): DELAY TYPE 2 (chorus I) and TYPE 3 (chorus II) write the IDENTICAL 6396xxx cells+law; DELAY TYPE 5 (slot-1 reverb) hosts a SECOND chorus-filter block at 10693xxx with the same law (juno_apply_chorus_finefx_slot1rev, identity at default == S1REVERB constants). finefx_pillar3_gate pins DT2, DT3 AND DT5.	src/finefx_recall.c;src/finefx_tables.h
other host sample rates	any host rate	PROVEN	tools/verify/coldstate_ab.py + tools/verify/recall_render_ab.py	bit-exact at ANY host rate, not just 44100/48000/96000. Cold-state A/B bit-identical at 88200/192000 (prepare side); exhaustive recall setter bit-exact at 88200/192000 (recall side, incl. porta C/H cell 624); HPF cutoff 10240 uses the plugin's exact f32(f32(T96*96000)/f32(H)) law at any rate (hpf_type_lut.c). The per-sample render path reads NO state[16] (grep-verified: every SR read is in recall/prepare/init) -> rate-agnostic, so bit-exact coefficients => bit-exact render; the full 57-patch render A/B is BIT-EXACT at 88200 (recall->render chain, gate 7/7). Class-C/D cells match the plugin's own two-table {44100/48000/else} design; the old 96k-arm approximation for continuous cells is retired.	src/juno_prepare.c;src/juno_apply.c;src/hpf_type_lut.c
host live modulation layer	dispatch 312-317 -> VCF CUTOFF/HPF CUTOFF/VCF RESONANCE/DCO PWM DEPTH/PORTAMENTO/EFFECT DEPTH	PROVEN	tools/verify/hostmod_gate.py + tools/verify/hostpath_roles.py	#112: the plugin's value tree carries six indices a patch RECALL never applies (no-ops in the recall role, which is why no recall/render gate ever saw them) but that a real VST3 host's parameter changes DO drive: the host entry is the ENGINE vtable +112 (rva 0x3C7AE0), which resolves the VST3 paramID to an internal index and dispatches 0x3B9A30(proc[u], idx, flag=0, v) for all 9 units, where the plugin's own recall enumerator 0x3B48A0 uses flag=1. That flag is forwarded to each leaf setter as its own 2nd argument and selects a ROLE inside the setter, NOT a ramp/immediate switch. For 312-317 the recall role is a no-op and the host role applies out = base + (off * (off > 0 ? 255 - base : base)) / 100 (C truncating division; paramDB range {-100,100} read from the descriptor table rva 0x98c040+16*idx) over the parameter's recalled base byte, then re-drives that parameter's own setter with the result. src/juno_mod.c implements it; hostmod_gate.py proves it by OBSERVING the byte the plugin itself passes to the base setter (hooking each base setter, address resolved from the proc vtable, while driving the plugin's modulation setter) -- nothing inverted or fitted: one-time EXHAUSTIVE run 308736 comparisons (6 slots x every base byte 0..255 x every offset -100..100) 0 mismatch; standing make-verify grid 13416 comparisons 0 mismatch. hostpath_roles.py additionally re-derives from the binary EVERY run which dispatch indices behave differently in the two roles and locks that set to exactly these six, so the host-vs-recall difference can never silently grow or shrink. SCOPE: the law is proven for all six slots but only five are wired end-to-end -- slot 5 (EFFECT DEPTH) has no juno_apply.c BINDINGS row (it is an FX leaf applied by the chorus/effect recall path), so juno_gui_mod_param_index(5) returns -1 and juno_gui_set_mod on it is a no-op rather than an approximation. At off==0 the law is the identity, so no factory patch or default host state is affected and every pre-existing gate is unchanged. See docs/P112_FINDINGS.md.	src/juno_mod.c;src/juno_mod.h
host-rate laws	every cell the plugin computes from the host rate (chorus mode times, LFO-rate laws, delay/flanger rate classes, reverb taps)	PROVEN	tools/verify/rate_sweep_gate.py + tests/test_rate_laws.c	laws READ from the machine code (rl_*), not tables: whole object after the plugin's own recall + renders bit-exact at 18 host rates 8000..384000, 68 records each (CLAIMS A13); 927 measured anchors in tests/test_rate_laws.c	src/rate_laws.h
recall ramps	73 cells a recall sets through the plugin's ramped setter (slot-1/slot-2 block switches, voice and slot mutes, reverb send / cuts / decay coefficients), 4 / 24 / 36 ms in steps of 10 samples	PROVEN	tools/verify/warm_render_gate.py + tools/verify/ramp_ab_gate.sh	patch changes on a running engine with the plugin's ramps unsettled: 14 chains, every sample + rendered state bit-exact at 44100/48000/96001 (CLAIMS A19); arm sequences from the census of every ramped set in 234 recalls (probes/warm/); four teeth bite; ramp engine 300/300 (ramp_ab_gate)	src/recall_ramp.c
host-role edits	the 79 panel parameters a DAW automates (and a DAW preset load sends, CLAIMS B6) through the plugin's host parameter entry (rva 0x3C7AE0, flag 0): ramped sets through the 798 ramp records (86 with build-stale targets), immediate sets and direct writes, in the plugin's order, with the processor state they read (DELAY LEVEL on-flag, REVERB LEVEL on, POLY+LEGATO, the arp on-state, the DELAY TYPE 1 instance's kept tap; MASTER TUNE's curve 55 on every voice's tune cell)	PROVEN	tools/verify/host_edit_gate.py	45 chains on a running engine, host edits 15..900 samples apart, out-of-range values included, every sample + rendered state + the 798 ramp records bit-exact at 44100/48000/96001 (CLAIMS A20); set lists = the executed census of 17139 host edits (probes/host/), generated by tools/verify/gen_host_ramps.py --check; seventeen teeth bite, one reach probe printed	src/host_edit.c;src/host_ramp_table.h;src/ramp_cells.h
voice count	the engine's voice count (vm.vs.voiceCount, host id 0x0FFFC00E, default 6 in the plugin's own state): every voice unit's assigner synced to it before each block (setVoiceCount rva 0x355940: gate-off of the gated voices, note slots and priority list reset) and only the units below it rendered; the stopped units keep their state, their own noise block and their last output cell	PROVEN	tools/verify/voice_count_gate.py	25 chains (the shipped count 6; counts 8->6->4->8->3 while notes sound; MONO/UNISON/mode-3/LEGATO+PORTA patches at 6/3/2; host cutoff ramps in flight when the count drops; counts 9, 1, 7; 4 teeth bite) at 44100/48000/96001: every sample and the rendered state of all 9 units bit-exact (CLAIMS A21); the oracle harness runs the render preamble (rva 0x3C7400) it used to omit; a count <= 0 is not graded (the plugin's allocator then reads a note slot as a voice number)	gui/juno_bridge.c;src/juno_driver.c;src/recall_ramp.c;src/juno_ftz.c;src/juno_engine.h
plugin preset paths	the plugin's own initialize (95 defaults after the construction's 960-sample start-up mute), setState (a DAW preset: payload order, storage masks, ids outside the list ignored) and patch-browser load (87 events in the patch tree's order, the model's set-from-bytes decode), each a list of host edits through the host entry; the model record keeping the defaults where the engine never looks	PROVEN	tools/verify/state_load_gate.py	43 chains at 44100/48000/96001 (the arp switch with keys held, and the web app's start: a warm-up, then its patch load and keys, included), the plugin making every queue (initialize, setState, its own patch load) and an engine fed them; every sample + rendered state + the 798 ramp records bit-exact (CLAIMS A22); tables generated by tools/verify/gen_state_tables.py from executed censuses (probes/b6/); twelve teeth and the reach probe bite	gui/juno_bridge.c;src/juno_state_tables.h;src/juno_driver.c
wrapper note intake	the wrapper's MIDI note push (rva 0x31F4E0) that every host note passes: a note-on at velocity 0 becomes a note-off at 64; with the velocity switch off a note-on plays at 100 and a note-off at 64; the switch (core+572) is vm.vs.velSense, set to its default 1 by initialize's core setup (rva 0x320420) and moved by no host call	PROVEN	tools/verify/wrapper_velocity_gate.py	the plugin's own push on 36 note messages (channels 1 and 10, velocities 0..127) after its boot and after a setState that changed every value: every byte equal (CLAIMS A23); the default and its independence from setState / setupProcessing / setActive EXECUTED (probes/b6/kbd_vel_default.py); three teeth bite	gui/juno_bridge.c
render object	the step between the plugin's render driver and its engine (CLAIMS A25): the engine-rate setting vm.vs.sampleRate (value & 0x7F into the dword table at rva 0x94AB80, read past index 4 as the plugin does; 5 = automatic), the table of 45 (engine rate, host rate) render objects at rva 0xC43C30 and its coefficient vectors (read from the booted plugin: tools/verify/gen_conv_tables.py), the lookup (rva 0x343A80), the converter (rva 0x343E30: polyphase FIR, float, forward then backward taps, x (float)L; the history copied upward from index -1 after a -1 call, the word there +0 under DAZ), identity and silence; the product start: the engine built at the constructor's 96000, the two cells only setSampleRate writes left 0; a host-rate change on a running instance (A28): setActive's core setup (rva 0x321AC0) -- the object looked up again for the new pair, phase and note count reset when found, the engine kept -- and its inert all-sound-off record	PROVEN	tools/verify/host_process_gate.py + probes/host_render/conv_teeth.py + tools/verify/host_rate_gate.py + probes/host_render/hostrate_teeth.py	21 chains through the plugin's own process(): the default setting at host 44100/48000/88200/176400/192000/384000, engines 88200 -> 48000, 32000 -> 44100, 48000 -> 96000 (upsampling), silence at host 22050/32000/47999 and at settings 6 / 127; every sample of both channels bit-exact (CLAIMS A25); teeth harness: a note one sample late (11 of 21 chains), one tempo 0.1 BPM off (8), the port as the engine model with no render object (14: every converter and silence chain); mutants (probes/host_render/conv_teeth.py): the history shift as memmove (1: the 384 kHz chain), no (float)L scale (9), the taps in reverse order (9), silence rendering the engine (5) -- every one bites. Not covered: a rate switch on an engine that has run (B13b); host_rate_gate.py: 4 chains bit-exact (five host rates with keys held, setActive with the arp running, setting 2 upsampling, the automatic setting); teeth: a late note, the setActive dropped, the reset kept, the old tick rate, a cold restart -- every one bites; the inert CC 120 dropped does not	src/conv_tables.h;src/juno_conv.c
MIDI controller intake	the host's MIDI controllers through the plugin's own process() (CLAIMS A26): the VST3 MIDI-mapping ids (base 0x0FFFC100 + 0..127 CC, 128 channel aftertouch, 129 pitch bend; round(value x 127) / x 16383, clamped as the plugin does, any id past 129 a message of zero bytes); the push's default CC assignments (51 CCs, rva 0x319A60) and the parameter records they and every host id below the base make (the id map rva 0x319AB0, the value laws rva 0x31A850 / 0x31A940: read by executing the booted plugin, tools/verify/gen_midi_tables.py); the driver's record switch (kind 1 -> the engine's host entry; the engine-rate setting there does nothing); the engine's pitch bend (int16 clamp, curve 26 at bend + 8192 on cells 4112/7456 of every voice), mod wheel (0..127, curve 22 on 4000/7376) and expression (0..127, curve 18 on 101136 at time index 1) as ramped sets; aftertouch, program change, CC 10 empty; CC 64 the keyboard object's HOLD (A27: held notes and arp keys, the free on a new key with no key down, the arp switch's transfers, the press-order walk's index -1) and CC 123 the assigner's all-notes-off	PROVEN	tools/verify/midi_ctl_gate.py + probes/host_midi/midi_teeth.py	10 chains through the plugin's own process() at 44100/48000 (converter) and 96000 (identity): bend over the 14-bit edges and wild values with patch loads and a voice-count change after it, mod and expression over 0..1 and above, every CC but 64 / 123 at five values, host parameter records, aftertouch, records at offsets inside / past the block with notes; the sustain on the voices and in the arp, across arp switches, with key 127 down, the key-trig flag, MONO / UNISON, a voice steal; CC 123 with held keys, held notes, a running arp; every sample of both channels bit-exact, no chain reaching an unported path; teeth harness: a point one sample late (6 of 10), a bend one step off (3); mutants: 15 (8 controller, 7 sustain / CC 123), every one bites	src/midi_tables.h;src/juno_midi.c
start-up ramps	the ramps the plugin's build leaves in flight (CLAIMS A29): its constructor builds the engine at 96000 and arms 274 ramps per unit from each cell's value before the build (0 for most; CONDITION's scatter cells 5520 / 7600 / 10320 + 10512 v from their C = 0 values) toward the built value, rate 96000, subdivision 10, at one time index of the setter's table (0 for 264 cells, 5 for cell 6736 + 10512 v, 1 for the expression 101136, 8 for 10759376); nothing renders before the first process(), so the product start (the default engine-rate setting) runs them from the first sample, and the units the voice count stops keep theirs until it rises; read from the booted plugin at host 44100 / 48000 / 96000 (tools/verify/gen_boot_ramps.py: the boots must agree; every active record unmoved, at 96000 / 10 and timed by one index; every idle record at its cell or BUILD0's 0), armed by juno_rr_boot (src/recall_ramp.c) in juno_gui_plugin_init	PROVEN	tools/verify/boot_gate.py + probes/boot/boot_teeth.py	7 chains from the first sample, no prelude and no settle on either side, at host 48000 / 44100 (converter) and 96000 (identity): silence through the 960-sample mute and the ramps, notes inside and right after the mute, a patch load and a VCF CUTOFF edit while the boot ramps run, the voice count raised to 8 (units 6 and 7 resume their boot ramps and their mute; the chord one block after the change: a note in the block of a count change is lost on both sides), the arp from the start: every sample of both channels bit-exact (2026-10-07); teeth: a note one sample late after the mute (6/7), the port started settled -- the port before B15 -- (7/7), every boot ramp at time index 0 (6/7), the record's target not set apart before the arm (7/7), the pump stepping the stopped units (1/7) bite; every start 0 does not (the 22 starts other than 0 are CONDITION cells at time index 0, whose ramps end inside the unit's mute: equivalent on the output, INFERRED). Scope: the default engine-rate setting; a setting that switches the engine at the first block is graded only after a settle (host_process_gate.py)	src/boot_ramps.h
engine-rate switch in place	the plugin's setSampleRate (rva 0x3C7A20) on its running engine (CLAIMS A30): per unit the processor's suspend (rva 0x3B86C0: the voices' level cells, the effect slot's and the delay block in force's mute cells, the reverb's on cell ramped toward 0 at the old rate), the effect container's setSampleRate (rva 0x3BC980: the voices', chorus' and delay block in force's rate-dependent cells re-applied by immediate set with a recall's values at the new rate; the reverb re-armed twice at the old rate, its 34 taps and wipe countdown stored), the state's (rva 0x3C2770: the records' rate, the constructor's constants sub_1803990C0 without the BUILD state, the runtime reset sub_1803A1300 in every unit incl. its noise copy) and the resume (rva 0x3B8560, at the new rate); on a fresh start the same switch on the boot state before initialize's defaults; the recall laws take any rate, 0 included, unguarded (the reverb pre-delay in the plugin's float form, rva 0x3C1720); three NaN compares of the master render as the plugin's jumps (rva 0x3667C5, 0x3667FC, 0x366F14)	PROVEN	tools/verify/rate_switch_gate.py + probes/b13b/switch_teeth.py	7 chains through the plugin's own process(), keys held across every switch: the default engine through settings 2 / 3 / 0 / 1; every effect type and delay type in force at a switch; ramps in flight (cutoff, envelope, patch load, a DELAY TYPE change, DCO noise up); the arp running; voice count 4 then 8; setting 6 (an engine at rate 0) and back, the automatic setting; host 44100: every sample of both channels bit-exact (2026-10-07), the rate-0 chain's state equal after every block; boot_gate.py adds six starts at a setting from the first sample; teeth: a late note; 12 of 14 mutants bite (the switch refused, no suspend, no resume, no re-apply, no reverb taps, no runtime reset, no constants, the BUILD state written, a recall at the old rate, the resume before the rate, no noise-copy reset, the tank's level test as decompiled); the reverb re-armed once and the pre-delay clamped at 0 do not -- equivalent on the output (the second pass re-arms the same targets; the clamp differs only at rates with no render object, silent, re-applied on the switch back), INFERRED	src/recall_ramp.c;src/juno_init.c;src/juno_driver.c;src/master_render.c;src/reverb_recall.c
CC map in the DAW state	the core's map CC -> parameter record (CLAIMS A31): the boot's 51 default assignments; every setState that reaches its deserializer empties it (rva 0x31A4F0) and refills it from the payload's entries 0x10000000 + n (rva 0x31A6A0: a value >= 0 that the id map knows assigns CC n, a later entry wins, two CCs may drive one parameter, a negative or unknown value leaves CC n free); a patch load leaves it alone; the push reads it (rva 0x319A60, none while a learn waits)	PROVEN	tools/verify/ccmap_state_gate.py + probes/host_api/ccmap_teeth.py	5 chains through the plugin's own setState and process(): remapped / cleared / wild entries; a CC moved then a second state (44100 converter); no state load (every CC 0..119 but 1 / 11 / 64 on the boot map, each audible); a CC given twice, two CCs on one parameter, the voice count and MASTER TUNE on CCs; CC 64 / 120 / 123 assigned: every sample of both channels bit-exact (2026-10-07); teeth: a late note (2/5); 6 of 6 mutants bite (the constant map, no emptying, the entries ignored, no boot map, the first entry wins, one CC per parameter)	src/juno_midi.c;gui/juno_bridge.c
state save, UI-timer drain, MIDI learn	IComponent::getState byte for byte (CLAIMS A32): the 95 state entries with the model's values, then the CC map; the model set by initialize, setState and model edits (value & mask), a patch load (as decoded) and the UI timer's drain (store records of mapped CCs through the record value law; the first CC below 120 to a waiting learn; no engine record), never by process(); the LFO RATE / VCF CUTOFF bytes set their host-only floats to byte x (1/255); setState's framing (an 8-byte count above 2854 stream bytes, a zero-filled payload); MIDI learn arm / forget / the control's CC	PROVEN	tools/verify/state_save_gate.py + probes/host_api/state_save_teeth.py	7 chains, 357 saves byte-equal plugin vs port (2026-10-07): paths, raw streams, every byte of the linked entries, CCs / records / notes around drains, MIDI learn, crafted patch records, the setting and model edits beyond the mask; teeth: the last byte flipped (7/7), 16 of 16 mutants bite on the green baseline	gui/juno_bridge.c;src/juno_midi.c
host calls that render nothing	process() with an output bus below 2 channels or 0 samples returns at once (rva 0x34A380): events and parameter changes dropped, nothing advances (CLAIMS A33)	PROVEN	tools/verify/midi_ctl_gate.py + probes/host_midi/midi_teeth.py	chain silent_calls: a flush (0 samples) and a mono-bus call, each with a note, CCs and bend, then rendered blocks: bit-exact (2026-10-07); tooth: the mono call rendered (bites); mutant flush_consumes (bites)	gui/juno_bridge.c
LFO LED and level meters	the engine's LED store (fed by voice unit 0's LFO square after each sample, rva 0x324A30) and output peaks (the render tail's per-channel max, rva 0x3C787B), the GUI's 50 ms reads (rva 0x3C7180 -> 0x324980), the LED frame (rva 0x325070), the meter's dB tick and decay (rva 0x31C450), its fill and fade (rva 0x2C9A10, 0x31C210), and the LED's show (rva 0x2C4890 -> 0x2C4B20: a read when its panel opens or closes) (CLAIMS A37, A40)	PROVEN	tools/verify/led_meter_gate.py	part 1, the plugin's own functions on seeded and edge inputs (48 store sequences, 1200 render tails, 1500 LED reads and frames, 13052 meter ticks, 1500 draws) and part 2, 8 chains in the running plugin (299 reads, every sample): bit-exact; 11 teeth -DLM_TOOTH bite (job led_meter_teeth2, 2026-10-09); the show rule graded by exe_oracle_check.py with the plugin's editor attached (EXE_TOOTH=1 bites)	gui/juno_bridge.c
CC assign menu	the main panel's right-button press (flags exactly 4, rva 0x407EB0 / 0x411DB0 / 0x31D420), the search on the plugin's own GUI tree (rva 0x31D270: a panel's controls from the last, then its open panels; not a label or a display, one value, a CC map record), the menu (rva 0x319B70: Forget greyed without a CC or while a learn waits), learn (rva 0x31AA40) and forget (rva 0x3192E0) (CLAIMS A38)	PROVEN	tools/verify/cc_menu_gate.py	the plugin's own handler on its own tree vs JUNO-60.exe's: 11280 search probes, 1632 right presses with modifier sets, 84 states equal (job cc_menu_gate1); teeth -DCC_TOOTH 2-7 bite (job cc_teeth); the search's order is READ only (no two live controls overlap in any of 12 panel configurations: computed in the gate, teeth 1 and 8 cannot bite)	gui/juno_bridge.c
patch manager	the patch window's librarian (CLAIMS A39, docs/PATCH_MANAGER.md, singleton rva 0x330D10): banks as deques of up to 64 history States with undo / redo (rva 0x32CA60 / 0x335AE0 / 0x333480), the list's keys (rva 0x3278C0) and mouse (rva 0x327D70), the buttons (rva 0x322E60 / 0x323FD0), the bank name (rva 0x33F0A0 / 0x33F260), the clipboard, write / rename / new / delete, import / export, the number format, autosave (rva 0x32F280), the files (rva 0x32FD50 / 0x336FD0) and the model calls	PROVEN	tools/verify/patch_manager_gate.py	the plugin's own handlers on its own list control (Unicorn, a writable emulated file system, scripted dialogs) vs the port, after EVERY command: every history State, cursors, selection, clipboard, format, autosave counter, the view, the window's values, the dialogs asked, the file operations, every file, the model calls; seeds 9 (40 commands), 1-7 (200), 100 (281) GREEN (job pm_final1, 2026-10-09); 19 teeth -DPM_TOOTH bite (jobs pm_refs6, pm_final1)	gui/juno_pm.c;gui/juno_pm.h
window zoom fit	a window's zoom getter (rva 0x2AA590: the value at most the window's fit, set back without a commit) and the fit (rva 0x312750: min((cy - 120) * 100 / h, (cx - 40) * 100 / w) for the virtual screen and the panel's Script.xml size, integer divisions, the first positive fit kept) (CLAIMS A40, docs/WINDOW_ZOOM.md)	PROVEN	tools/verify/zoom_fit_gate.py	16 screens through the plugin booted as a host boots it, its editor attached, its own getter called at each step: 278 steps, 2688 fits and both zooms EQUAL to the port's; 4 teeth -DZF_TOOTH bite (job exe_final2, 2026-10-09); a real window's redraw after a set is READ only (no message loop under emulation)	gui/juno_bridge.c
