Designator,Footprint,Quantity,Value,LCSC Part #
CLOCK1,CONN-TH_S4B-XH-A-LF-SN,1,CLOCK_SYNC,C157925
EN1,CONN-TH_S2B-XH-A-LF-SN,1,BACKUP_MUX_EN,C157931
"H1A1, H1B1, H1C1, H1D1",HDR-TH_11P-P2.54-V-F-1,4,ESP32-S3 CONN,C5159940
MUX_SIG1,CONN-TH_S3B-XH-A-LF-SN,1,MUX_SIG,C157928
"R1, R2",R_Axial_DIN0207_L6.3mm_D2.5mm_P10.16mm_Horizontal,2,4.7k,
SAT_PWR1,CONN-TH_S2B-XH-A-LF-SN,1,SAT_PWR,C157931
SAT_SIG1,CONN-TH_S4B-XH-A-LF-SN,1,SAT_SIG,C157925
SELIN1,CONN-TH_S4B-XH-A-LF-SN,1,BACKUP_MUX_SEL,C157925
USB_PWR1,CONN-TH_S2B-XH-A-LF-SN,1,USB_PWR,C157931
