pos	disp	family	struct	name	type	range	default
0	740	NAME	name0	name	int4x4		
1	741	NAME	name0	name	stringNx4		----------------
2	742	SETUP	ARP	DUMMY	int1x7	0,1	0
3	743	SETUP	SCAT	DUMMY	int1x7	0,9	0
4	744	SYSTEM	SYS_COM	Local SW	int1x7	0,2	1
5	745	SYSTEM	SYS_COM	Master Tune (SYSTEM-1)	int1x7	0,20	10
6	746	SYSTEM	SYS_COM	MASTER TUNE	int2x4	0,200	100
7	747	SYNTH	SYN_COM	VOLUME	int2x4	0,255	128
8	748	SYNTH	SYN_COM	TRANSPOSE	int1x7	0,11	0
9	749	SYNTH	SYN_COM	TEMPO	int3x4	0,2600	880
10	750	PATCH	LFO	(LFO WAVE)	int2x4	0,5	0
11	751	PATCH	LFO	LFO DELAY TIME	int2x4	0,255	0
12	752	PATCH	LFO	LFO RATE	int2x4	0,255	145
13	753	PATCH	LFO	DCO LFO MOD	int2x4	0,255	128
14	754	PATCH	LFO	VCF LFO MOD	int2x4	0,255	128
15	755	PATCH	LFO	(LFO AMP DEPTH)	int2x4	0,255	128
16	756	PATCH	LFO	LFO KEY TRIG	int2x4	0,1	0
17	757	PATCH	OSC1	(OSC1 WAVE)	int2x4	0,5	0
18	758	PATCH	OSC1	DCO PWM DEPTH	int2x4	0,255	0
19	759	PATCH	OSC1	DCO PWM SOURCE	int2x4	0,5	0
20	760	PATCH	OSC1	DCO RANGE	int2x4	0,5	3
21	761	PATCH	OSC1	(OSC1 CROSS MOD)	int2x4	0,255	0
22	762	PATCH	OSC2	(OSC2 WAVE)	int2x4	0,5	0
23	763	PATCH	OSC2	(OSC2 COLOR)	int2x4	0,255	0
24	764	PATCH	OSC2	(OSC2 MOD)	int2x4	0,5	0
25	765	PATCH	OSC2	(OSC2 RANGE)	int2x4	0,5	0
26	766	PATCH	OSC2	(OSC2 FINE TUNE)	int2x4	0,255	128
27	767	PATCH	OSC2	(OSC2 RING)	int2x4	0,3	0
28	768	PATCH	OSC2	(OSC2 SYNC)	int2x4	0,3	0
29	769	PATCH	OSC2	(OSC2 COARSE TUNE)	int2x4	0,22	11
30	770	PATCH	MIX	DCO PWM LEVEL	int2x4	0,255	128
31	771	PATCH	MIX	DCO SAW LEVEL	int2x4	0,255	0
32	772	PATCH	MIX	DCO SUB LEVEL	int2x4	0,255	0
33	773	PATCH	MIX	DCO NOISE LEVEL	int2x4	0,255	0
34	774	PATCH	MIX	(MIX SUB OSC TYPE)	int2x4	0,3	0
35	775	PATCH	MIX	(MIX NOISE TYPE)	int2x4	0,3	0
36	776	PATCH	PIT	(VCO ENV)	int2x4	0,255	128
37	777	PATCH	PIT	(PITCH ATTACK)	int2x4	0,255	0
38	778	PATCH	PIT	(PITCH DECAY)	int2x4	0,255	0
39	779	PATCH	FLT	VCF CUTOFF FREQ	int2x4	0,255	255
40	780	PATCH	FLT	(FILTER LPF TYPE)	int2x4	0,3	0
41	781	PATCH	FLT	VCF RESONANCE	int2x4	0,255	0
42	782	PATCH	FLT	HPF CUTOFF FREQ	int2x4	0,255	0
43	783	PATCH	FLT	VCF ENV MOD	int2x4	0,255	128
44	784	PATCH	FLT	ENV1 ATTACK	int2x4	0,255	0
45	785	PATCH	FLT	ENV1 DECAY	int2x4	0,255	0
46	786	PATCH	FLT	ENV1 SUSTAIN	int2x4	0,255	255
47	787	PATCH	FLT	ENV1 RELEASE	int2x4	0,255	0
48	788	PATCH	FLT	VCF KEY FOLLOW	int2x4	0,255	128
49	789	PATCH	AMP	ENV2 ATTACK	int2x4	0,255	0
50	790	PATCH	AMP	ENV2 DECAY	int2x4	0,255	0
51	791	PATCH	AMP	ENV2 SUSTAIN	int2x4	0,255	255
52	792	PATCH	AMP	ENV2 RELEASE	int2x4	0,255	0
53	793	PATCH	AMP	VCA TONE	int2x4	0,255	128
54	794	PATCH	EFX	EFFECT DEPTH	int2x4	0,255	0
55	795	PATCH	EFX	REVERB LEVEL	int2x4	0,255	0
56	796	PATCH	EFX	DELAY LEVEL	int2x4	0,255	0
57	797	PATCH	EFX	DELAY TIME	int2x4	0,255	128
58	798	PATCH	CTRL	PORTAMENTO	int2x4	0,255	0
59	799	PATCH	CTRL	LEGATO	int2x4	0,1	0
60	800	PATCH	CTRL	ASSIGN MODE	int2x4	0,3	0
61	801	PATCH	CTRL	BEND RANGE	int2x4	0,23	11
62	802	PATCH	CTRL	(MOD ASIGN)	int2x4	0,127	0
63	803	PATCH	CTRL	TEMPO SYNC	int2x4	0,1	0
64	804	PATCH	EXTEND	(MOD ID 1)	int2x4	0,255	0
65	805	PATCH	EXTEND	(MOD ID 2)	int2x4	0,255	0
66	806	PATCH	EXTEND	(MOD ID 3)	int2x4	0,255	0
67	807	PATCH	EXTEND	(MOD PRM 1)	int2x4	0,255	0
68	808	PATCH	EXTEND	(MOD PRM 2)	int2x4	0,255	0
69	809	PATCH	EXTEND	(MOD PRM 3)	int2x4	0,255	0
70	810	PATCH	EXTEND	VCA LEVEL	int2x4	0,255	128
71	811	PATCH	EXTEND	VCA LEVEL SW	int2x4	0,1	1
72	812	PATCH	EXTEND	(OSC1 EXTEND)	int2x4	0,1	0
73	813	PATCH	EXTEND	(OSC2 EXTEND)	int2x4	0,1	0
74	814	NAME	PAT_NAME	PATCH NAME 000-003	int8x4	0,2147483647	0
75	815	NAME	PAT_NAME	PATCH NAME 004-007	int8x4	0,2147483647	0
76	816	NAME	PAT_NAME	PATCH NAME 008-011	int8x4	0,2147483647	0
77	817	NAME	PAT_NAME	PATCH NAME 012-015	int8x4	0,2147483647	0
78	818	NAME	PAT_NAME	PATCH NAME 016-019	int8x4	0,2147483647	0
79	819	NAME	PAT_NAME	PATCH NAME 020-023	int8x4	0,2147483647	0
80	820	NAME	PAT_NAME	PATCH NAME 024-027	int8x4	0,2147483647	0
81	821	NAME	PAT_NAME	PATCH NAME 028-031	int8x4	0,2147483647	0
82	822	NAME	PAT_NAME	PATCH NAME 032-035	int8x4	0,2147483647	0
83	823	NAME	PAT_NAME	PATCH NAME 036-039	int8x4	0,2147483647	0
84	824	NAME	PAT_NAME	PATCH NAME 040-043	int8x4	0,2147483647	0
85	825	NAME	PAT_NAME	PATCH NAME 044-047	int8x4	0,2147483647	0
86	826	NAME	PAT_NAME	PATCH NAME 048-051	int8x4	0,2147483647	0
87	827	NAME	PAT_NAME	PATCH NAME 052-055	int8x4	0,2147483647	0
88	828	NAME	PAT_NAME	PATCH NAME 056-059	int8x4	0,2147483647	0
89	829	NAME	PAT_NAME	PATCH NAME 060-063	int8x4	0,2147483647	0
90	830	NAME	PAT_NAME1	(INPUT JACK USING)	int8x4	0,65535	0
91	831	NAME	PAT_NAME1	ARPEGGIO SW	int8x4	0,1	0
92	832	NAME	PAT_NAME1	ARPEGGIO TYPE	int8x4	0,5	0
93	833	NAME	PAT_NAME1	ARPEGGIO STEP	int8x4	0,5	0
94	834	NAME	PAT_NAME1	SCATTER TYPE	int8x4	0,9	0
95	835	NAME	PAT_NAME1	SCATTER DEPTH	int8x4	-5,5	0
96	836	NAME	PAT_NAME1	OCTAVE SHIFT	int8x4	-3,3	0
97	837	NAME	PAT_NAME1	KEY HOLD	int8x4	0,1	0
98	838	NAME	PAT_NAME1	(LFO CV IN)	int8x4	0,13	0
99	839	NAME	PAT_NAME1	(LFO RING IN)	int8x4	0,13	0
100	840	NAME	PAT_NAME1	(LFO PITCH IN)	int8x4	0,13	0
101	841	NAME	PAT_NAME1	(LFO FILTER IN)	int8x4	0,13	0
102	842	NAME	PAT_NAME1	(LFO AMP IN)	int8x4	0,13	0
103	843	NAME	PAT_NAME1	(OSC1 X-MOD IN)	int8x4	0,13	0
104	844	NAME	PAT_NAME1	(OSC2 SYNC IN)	int8x4	0,13	0
105	845	NAME	PAT_NAME1	(OSC2 RING IN)	int8x4	0,13	0
106	846	NAME	PAT_NAME2	(OSC3 EXT IN)	int8x4	0,13	0
107	847	NAME	PAT_NAME2	(P ENV GATE IN)	int8x4	0,13	0
108	848	NAME	PAT_NAME2	(PITCH ENV IN)	int8x4	0,13	0
109	849	NAME	PAT_NAME2	(F ENV GATE IN)	int8x4	0,13	0
110	850	NAME	PAT_NAME2	(FILTER ENV IN)	int8x4	0,13	0
111	851	NAME	PAT_NAME2	(A ENV GATE IN)	int8x4	0,13	0
112	852	NAME	PAT_NAME2	(AMP ENV IN)	int8x4	0,13	0
113	853	NAME	PAT_NAME2	LFO CV GAIN	int8x4	0,255	128
114	854	NAME	PAT_NAME2	(F ENV VARIATION)	int8x4	0,2	0
115	855	NAME	PAT_NAME2	VCA MODE	int8x4	0,2	1
116	856	NAME	PAT_NAME2	CONDITION	int8x4	0,255	128
117	857	NAME	PAT_NAME2	BEND GAIN	int8x4	0,3	0
118	858	NAME	PAT_NAME2	BEND SENS DCO	int8x4	0,255	43
119	859	NAME	PAT_NAME2	BEND SENS VCF	int8x4	0,255	43
120	860	NAME	PAT_NAME2	MOD SENS DCO	int8x4	0,255	22
121	861	NAME	PAT_NAME2	MOD SENS VCF	int8x4	0,255	22
122	862	NAME	PAT_NAME3	(LFO VARIATION)	int8x4	0,8	0
123	863	NAME	PAT_NAME3	LFO TRIG ENV	int8x4	0,1	0
124	864	NAME	PAT_NAME3	(OSC1 VARIATION)	int8x4	0,8	0
125	865	NAME	PAT_NAME3	(OSC1 COARSE TUNE)	int8x4	0,22	11
126	866	NAME	PAT_NAME3	(OSC1 FINE TUNE)	int8x4	0,255	128
127	867	NAME	PAT_NAME3	(OSC2 VARIATION)	int8x4	0,8	0
128	868	NAME	PAT_NAME3	(OSC3 WAVEFORM)	int8x4	0,5	0
129	869	NAME	PAT_NAME3	(OSC3 COLOR)	int8x4	0,255	0
130	870	NAME	PAT_NAME3	(OSC3 TUNE)	int8x4	0,255	128
131	871	NAME	PAT_NAME3	HPF TYPE	int8x4	0,8	0
132	872	NAME	PAT_NAME3	(FILTER TYPE)	int8x4	0,5	0
133	873	NAME	PAT_NAME3	EFFECT TYPE	int8x4	0,5	2
134	874	NAME	PAT_NAME3	EFFECT TONE	int8x4	0,255	128
135	875	NAME	PAT_NAME3	DELAY TYPE	int8x4	0,5	0
136	876	NAME	PAT_NAME3	REVERB TYPE	int8x4	0,5	2
137	877	NAME	PAT_NAME3	REVERB TIME	int8x4	0,255	128
138	878	PATCH2	PAT2_LFO	LFO RATE H	int8x4	0,1065353216	1058115986
139	879	PATCH2	PAT2_LFO	_reserve_	int8x4	0,0	0
140	880	PATCH2	PAT2_LFO	_reserve_	int8x4	0,0	0
141	881	PATCH2	PAT2_LFO	_reserve_	int8x4	0,0	0
142	882	PATCH2	PAT2_LFO	_reserve_	int8x4	0,0	0
143	883	PATCH2	PAT2_LFO	_reserve_	int8x4	0,0	0
144	884	PATCH2	PAT2_LFO	_reserve_	int8x4	0,0	0
145	885	PATCH2	PAT2_LFO	_reserve_	int8x4	0,0	0
146	886	PATCH2	PAT2_LFO	_reserve_	int8x4	0,0	0
147	887	PATCH2	PAT2_LFO	_reserve_	int8x4	0,0	0
148	888	PATCH2	PAT2_LFO	_reserve_	int8x4	0,0	0
149	889	PATCH2	PAT2_LFO	_reserve_	int8x4	0,0	0
150	890	PATCH2	PAT2_LFO	_reserve_	int8x4	0,0	0
151	891	PATCH2	PAT2_LFO	_reserve_	int8x4	0,0	0
152	892	PATCH2	PAT2_LFO	_reserve_	int8x4	0,0	0
153	893	PATCH2	PAT2_LFO	_reserve_	int8x4	0,0	0
154	894	PATCH2	PAT2_LFO	_reserve_	int8x4	0,0	0
155	895	PATCH2	PAT2_LFO	_reserve_	int8x4	0,0	0
156	896	PATCH2	PAT2_LFO	_reserve_	int8x4	0,0	0
157	897	PATCH2	PAT2_LFO	_reserve_	int8x4	0,0	0
158	898	PATCH2	PAT2_LFO	_reserve_	int8x4	0,0	0
159	899	PATCH2	PAT2_LFO	_reserve_	int8x4	0,0	0
160	900	PATCH2	PAT2_LFO	_reserve_	int8x4	0,0	0
161	901	PATCH2	PAT2_LFO	_reserve_	int8x4	0,0	0
162	902	PATCH2	PAT2_LFO	_reserve_	int8x4	0,0	0
163	903	PATCH2	PAT2_LFO	_reserve_	int8x4	0,0	0
164	904	PATCH2	PAT2_LFO	_reserve_	int8x4	0,0	0
165	905	PATCH2	PAT2_LFO	_reserve_	int8x4	0,0	0
166	906	PATCH2	PAT2_LFO	_reserve_	int8x4	0,0	0
167	907	PATCH2	PAT2_LFO	_reserve_	int8x4	0,0	0
168	908	PATCH2	PAT2_OSC1	_reserve_	int8x4	0,0	0
169	909	PATCH2	PAT2_OSC1	_reserve_	int8x4	0,0	0
170	910	PATCH2	PAT2_OSC1	_reserve_	int8x4	0,0	0
171	911	PATCH2	PAT2_OSC1	_reserve_	int8x4	0,0	0
172	912	PATCH2	PAT2_OSC1	_reserve_	int8x4	0,0	0
173	913	PATCH2	PAT2_OSC1	_reserve_	int8x4	0,0	0
174	914	PATCH2	PAT2_OSC1	_reserve_	int8x4	0,0	0
175	915	PATCH2	PAT2_OSC1	_reserve_	int8x4	0,0	0
176	916	PATCH2	PAT2_OSC1	_reserve_	int8x4	0,0	0
177	917	PATCH2	PAT2_OSC1	_reserve_	int8x4	0,0	0
178	918	PATCH2	PAT2_OSC1	_reserve_	int8x4	0,0	0
179	919	PATCH2	PAT2_OSC1	_reserve_	int8x4	0,0	0
180	920	PATCH2	PAT2_OSC1	_reserve_	int8x4	0,0	0
181	921	PATCH2	PAT2_OSC1	_reserve_	int8x4	0,0	0
182	922	PATCH2	PAT2_OSC1	_reserve_	int8x4	0,0	0
183	923	PATCH2	PAT2_OSC1	_reserve_	int8x4	0,0	0
184	924	PATCH2	PAT2_OSC1	_reserve_	int8x4	0,0	0
185	925	PATCH2	PAT2_OSC1	_reserve_	int8x4	0,0	0
186	926	PATCH2	PAT2_OSC1	_reserve_	int8x4	0,0	0
187	927	PATCH2	PAT2_OSC1	_reserve_	int8x4	0,0	0
188	928	PATCH2	PAT2_OSC1	_reserve_	int8x4	0,0	0
189	929	PATCH2	PAT2_OSC1	_reserve_	int8x4	0,0	0
190	930	PATCH2	PAT2_OSC1	_reserve_	int8x4	0,0	0
191	931	PATCH2	PAT2_OSC1	_reserve_	int8x4	0,0	0
192	932	PATCH2	PAT2_OSC1	_reserve_	int8x4	0,0	0
193	933	PATCH2	PAT2_OSC1	_reserve_	int8x4	0,0	0
194	934	PATCH2	PAT2_OSC1	_reserve_	int8x4	0,0	0
195	935	PATCH2	PAT2_OSC1	_reserve_	int8x4	0,0	0
196	936	PATCH2	PAT2_OSC1	_reserve_	int8x4	0,0	0
197	937	PATCH2	PAT2_OSC1	_reserve_	int8x4	0,0	0
198	938	PATCH2	PAT2_OSC2	_reserve_	int8x4	0,0	0
199	939	PATCH2	PAT2_OSC2	_reserve_	int8x4	0,0	0
200	940	PATCH2	PAT2_OSC2	_reserve_	int8x4	0,0	0
201	941	PATCH2	PAT2_OSC2	_reserve_	int8x4	0,0	0
202	942	PATCH2	PAT2_OSC2	_reserve_	int8x4	0,0	0
203	943	PATCH2	PAT2_OSC2	_reserve_	int8x4	0,0	0
204	944	PATCH2	PAT2_OSC2	_reserve_	int8x4	0,0	0
205	945	PATCH2	PAT2_OSC2	_reserve_	int8x4	0,0	0
206	946	PATCH2	PAT2_OSC2	_reserve_	int8x4	0,0	0
207	947	PATCH2	PAT2_OSC2	_reserve_	int8x4	0,0	0
208	948	PATCH2	PAT2_OSC2	_reserve_	int8x4	0,0	0
209	949	PATCH2	PAT2_OSC2	_reserve_	int8x4	0,0	0
210	950	PATCH2	PAT2_OSC2	_reserve_	int8x4	0,0	0
211	951	PATCH2	PAT2_OSC2	_reserve_	int8x4	0,0	0
212	952	PATCH2	PAT2_OSC2	_reserve_	int8x4	0,0	0
213	953	PATCH2	PAT2_OSC2	_reserve_	int8x4	0,0	0
214	954	PATCH2	PAT2_OSC2	_reserve_	int8x4	0,0	0
215	955	PATCH2	PAT2_OSC2	_reserve_	int8x4	0,0	0
216	956	PATCH2	PAT2_OSC2	_reserve_	int8x4	0,0	0
217	957	PATCH2	PAT2_OSC2	_reserve_	int8x4	0,0	0
218	958	PATCH2	PAT2_OSC2	_reserve_	int8x4	0,0	0
219	959	PATCH2	PAT2_OSC2	_reserve_	int8x4	0,0	0
220	960	PATCH2	PAT2_OSC2	_reserve_	int8x4	0,0	0
221	961	PATCH2	PAT2_OSC2	_reserve_	int8x4	0,0	0
222	962	PATCH2	PAT2_OSC2	_reserve_	int8x4	0,0	0
223	963	PATCH2	PAT2_OSC2	_reserve_	int8x4	0,0	0
224	964	PATCH2	PAT2_OSC2	_reserve_	int8x4	0,0	0
225	965	PATCH2	PAT2_OSC2	_reserve_	int8x4	0,0	0
226	966	PATCH2	PAT2_OSC2	_reserve_	int8x4	0,0	0
227	967	PATCH2	PAT2_OSC2	_reserve_	int8x4	0,0	0
228	968	PATCH2	PAT2_MIX	_reserve_	int8x4	0,0	0
229	969	PATCH2	PAT2_MIX	_reserve_	int8x4	0,0	0
230	970	PATCH2	PAT2_MIX	_reserve_	int8x4	0,0	0
231	971	PATCH2	PAT2_MIX	_reserve_	int8x4	0,0	0
232	972	PATCH2	PAT2_MIX	_reserve_	int8x4	0,0	0
233	973	PATCH2	PAT2_MIX	_reserve_	int8x4	0,0	0
234	974	PATCH2	PAT2_MIX	_reserve_	int8x4	0,0	0
235	975	PATCH2	PAT2_MIX	_reserve_	int8x4	0,0	0
236	976	PATCH2	PAT2_MIX	_reserve_	int8x4	0,0	0
237	977	PATCH2	PAT2_MIX	_reserve_	int8x4	0,0	0
238	978	PATCH2	PAT2_MIX	_reserve_	int8x4	0,0	0
239	979	PATCH2	PAT2_MIX	_reserve_	int8x4	0,0	0
240	980	PATCH2	PAT2_MIX	_reserve_	int8x4	0,0	0
241	981	PATCH2	PAT2_MIX	_reserve_	int8x4	0,0	0
242	982	PATCH2	PAT2_MIX	_reserve_	int8x4	0,0	0
243	983	PATCH2	PAT2_MIX	_reserve_	int8x4	0,0	0
244	984	PATCH2	PAT2_MIX	_reserve_	int8x4	0,0	0
245	985	PATCH2	PAT2_MIX	_reserve_	int8x4	0,0	0
246	986	PATCH2	PAT2_MIX	_reserve_	int8x4	0,0	0
247	987	PATCH2	PAT2_MIX	_reserve_	int8x4	0,0	0
248	988	PATCH2	PAT2_MIX	_reserve_	int8x4	0,0	0
249	989	PATCH2	PAT2_MIX	_reserve_	int8x4	0,0	0
250	990	PATCH2	PAT2_MIX	_reserve_	int8x4	0,0	0
251	991	PATCH2	PAT2_MIX	_reserve_	int8x4	0,0	0
252	992	PATCH2	PAT2_MIX	_reserve_	int8x4	0,0	0
253	993	PATCH2	PAT2_MIX	_reserve_	int8x4	0,0	0
254	994	PATCH2	PAT2_MIX	_reserve_	int8x4	0,0	0
255	995	PATCH2	PAT2_MIX	_reserve_	int8x4	0,0	0
256	996	PATCH2	PAT2_MIX	_reserve_	int8x4	0,0	0
257	997	PATCH2	PAT2_MIX	_reserve_	int8x4	0,0	0
258	998	PATCH2	PAT2_PIT	_reserve_	int8x4	0,0	0
259	999	PATCH2	PAT2_PIT	_reserve_	int8x4	0,0	0
260	1000	PATCH2	PAT2_PIT	_reserve_	int8x4	0,0	0
261	1001	PATCH2	PAT2_PIT	_reserve_	int8x4	0,0	0
262	1002	PATCH2	PAT2_PIT	_reserve_	int8x4	0,0	0
263	1003	PATCH2	PAT2_PIT	_reserve_	int8x4	0,0	0
264	1004	PATCH2	PAT2_PIT	_reserve_	int8x4	0,0	0
265	1005	PATCH2	PAT2_PIT	_reserve_	int8x4	0,0	0
266	1006	PATCH2	PAT2_PIT	_reserve_	int8x4	0,0	0
267	1007	PATCH2	PAT2_PIT	_reserve_	int8x4	0,0	0
268	1008	PATCH2	PAT2_PIT	_reserve_	int8x4	0,0	0
269	1009	PATCH2	PAT2_PIT	_reserve_	int8x4	0,0	0
270	1010	PATCH2	PAT2_PIT	_reserve_	int8x4	0,0	0
271	1011	PATCH2	PAT2_PIT	_reserve_	int8x4	0,0	0
272	1012	PATCH2	PAT2_PIT	_reserve_	int8x4	0,0	0
273	1013	PATCH2	PAT2_PIT	_reserve_	int8x4	0,0	0
274	1014	PATCH2	PAT2_PIT	_reserve_	int8x4	0,0	0
275	1015	PATCH2	PAT2_PIT	_reserve_	int8x4	0,0	0
276	1016	PATCH2	PAT2_PIT	_reserve_	int8x4	0,0	0
277	1017	PATCH2	PAT2_PIT	_reserve_	int8x4	0,0	0
278	1018	PATCH2	PAT2_PIT	_reserve_	int8x4	0,0	0
279	1019	PATCH2	PAT2_PIT	_reserve_	int8x4	0,0	0
280	1020	PATCH2	PAT2_PIT	_reserve_	int8x4	0,0	0
281	1021	PATCH2	PAT2_PIT	_reserve_	int8x4	0,0	0
282	1022	PATCH2	PAT2_PIT	_reserve_	int8x4	0,0	0
283	1023	PATCH2	PAT2_PIT	_reserve_	int8x4	0,0	0
284	1024	PATCH2	PAT2_PIT	_reserve_	int8x4	0,0	0
285	1025	PATCH2	PAT2_PIT	_reserve_	int8x4	0,0	0
286	1026	PATCH2	PAT2_PIT	_reserve_	int8x4	0,0	0
287	1027	PATCH2	PAT2_PIT	_reserve_	int8x4	0,0	0
288	1028	PATCH2	PAT2_FLT	VCF VELOCITY SENS	int2x4	0,255	0
289	1029	PATCH2	PAT2_FLT	VCF CUTOFF FREQ H	int8x4	0,1065353216	1065353216
290	1030	PATCH2	PAT2_FLT	_reserve_	int8x4	0,0	0
291	1031	PATCH2	PAT2_FLT	_reserve_	int8x4	0,0	0
292	1032	PATCH2	PAT2_FLT	_reserve_	int8x4	0,0	0
293	1033	PATCH2	PAT2_FLT	_reserve_	int8x4	0,0	0
294	1034	PATCH2	PAT2_FLT	_reserve_	int8x4	0,0	0
295	1035	PATCH2	PAT2_FLT	_reserve_	int8x4	0,0	0
296	1036	PATCH2	PAT2_FLT	_reserve_	int8x4	0,0	0
297	1037	PATCH2	PAT2_FLT	_reserve_	int8x4	0,0	0
298	1038	PATCH2	PAT2_FLT	_reserve_	int8x4	0,0	0
299	1039	PATCH2	PAT2_FLT	_reserve_	int8x4	0,0	0
300	1040	PATCH2	PAT2_FLT	_reserve_	int8x4	0,0	0
301	1041	PATCH2	PAT2_FLT	_reserve_	int8x4	0,0	0
302	1042	PATCH2	PAT2_FLT	_reserve_	int8x4	0,0	0
303	1043	PATCH2	PAT2_FLT	_reserve_	int8x4	0,0	0
304	1044	PATCH2	PAT2_FLT	_reserve_	int8x4	0,0	0
305	1045	PATCH2	PAT2_FLT	_reserve_	int8x4	0,0	0
306	1046	PATCH2	PAT2_FLT	_reserve_	int8x4	0,0	0
307	1047	PATCH2	PAT2_FLT	_reserve_	int8x4	0,0	0
308	1048	PATCH2	PAT2_FLT	_reserve_	int8x4	0,0	0
309	1049	PATCH2	PAT2_FLT	_reserve_	int8x4	0,0	0
310	1050	PATCH2	PAT2_FLT	_reserve_	int8x4	0,0	0
311	1051	PATCH2	PAT2_FLT	_reserve_	int8x4	0,0	0
312	1052	PATCH2	PAT2_FLT	_reserve_	int8x4	0,0	0
313	1053	PATCH2	PAT2_FLT	_reserve_	int8x4	0,0	0
314	1054	PATCH2	PAT2_FLT	_reserve_	int8x4	0,0	0
315	1055	PATCH2	PAT2_FLT	_reserve_	int8x4	0,0	0
316	1056	PATCH2	PAT2_FLT	_reserve_	int8x4	0,0	0
317	1057	PATCH2	PAT2_FLT	_reserve_	int8x4	0,0	0
318	1058	PATCH2	PAT2_AMP	VCA VELOCITY SENS	int2x4	0,255	0
319	1059	PATCH2	PAT2_AMP	_reserve_	int8x4	0,0	0
320	1060	PATCH2	PAT2_AMP	_reserve_	int8x4	0,0	0
321	1061	PATCH2	PAT2_AMP	_reserve_	int8x4	0,0	0
322	1062	PATCH2	PAT2_AMP	_reserve_	int8x4	0,0	0
323	1063	PATCH2	PAT2_AMP	_reserve_	int8x4	0,0	0
324	1064	PATCH2	PAT2_AMP	_reserve_	int8x4	0,0	0
325	1065	PATCH2	PAT2_AMP	_reserve_	int8x4	0,0	0
326	1066	PATCH2	PAT2_AMP	_reserve_	int8x4	0,0	0
327	1067	PATCH2	PAT2_AMP	_reserve_	int8x4	0,0	0
328	1068	PATCH2	PAT2_AMP	_reserve_	int8x4	0,0	0
329	1069	PATCH2	PAT2_AMP	_reserve_	int8x4	0,0	0
330	1070	PATCH2	PAT2_AMP	_reserve_	int8x4	0,0	0
331	1071	PATCH2	PAT2_AMP	_reserve_	int8x4	0,0	0
332	1072	PATCH2	PAT2_AMP	_reserve_	int8x4	0,0	0
333	1073	PATCH2	PAT2_AMP	_reserve_	int8x4	0,0	0
334	1074	PATCH2	PAT2_AMP	_reserve_	int8x4	0,0	0
335	1075	PATCH2	PAT2_AMP	_reserve_	int8x4	0,0	0
336	1076	PATCH2	PAT2_AMP	_reserve_	int8x4	0,0	0
337	1077	PATCH2	PAT2_AMP	_reserve_	int8x4	0,0	0
338	1078	PATCH2	PAT2_AMP	_reserve_	int8x4	0,0	0
339	1079	PATCH2	PAT2_AMP	_reserve_	int8x4	0,0	0
340	1080	PATCH2	PAT2_AMP	_reserve_	int8x4	0,0	0
341	1081	PATCH2	PAT2_AMP	_reserve_	int8x4	0,0	0
342	1082	PATCH2	PAT2_AMP	_reserve_	int8x4	0,0	0
343	1083	PATCH2	PAT2_AMP	_reserve_	int8x4	0,0	0
344	1084	PATCH2	PAT2_AMP	_reserve_	int8x4	0,0	0
345	1085	PATCH2	PAT2_AMP	_reserve_	int8x4	0,0	0
346	1086	PATCH2	PAT2_AMP	_reserve_	int8x4	0,0	0
347	1087	PATCH2	PAT2_AMP	_reserve_	int8x4	0,0	0
348	1088	PATCH2	PAT2_EFX	_reserve_	int8x4	0,0	0
349	1089	PATCH2	PAT2_EFX	_reserve_	int8x4	0,0	0
350	1090	PATCH2	PAT2_EFX	_reserve_	int8x4	0,0	0
351	1091	PATCH2	PAT2_EFX	_reserve_	int8x4	0,0	0
352	1092	PATCH2	PAT2_EFX	_reserve_	int8x4	0,0	0
353	1093	PATCH2	PAT2_EFX	_reserve_	int8x4	0,0	0
354	1094	PATCH2	PAT2_EFX	_reserve_	int8x4	0,0	0
355	1095	PATCH2	PAT2_EFX	_reserve_	int8x4	0,0	0
356	1096	PATCH2	PAT2_EFX	_reserve_	int8x4	0,0	0
357	1097	PATCH2	PAT2_EFX	_reserve_	int8x4	0,0	0
358	1098	PATCH2	PAT2_EFX	_reserve_	int8x4	0,0	0
359	1099	PATCH2	PAT2_EFX	_reserve_	int8x4	0,0	0
360	1100	PATCH2	PAT2_EFX	_reserve_	int8x4	0,0	0
361	1101	PATCH2	PAT2_EFX	_reserve_	int8x4	0,0	0
362	1102	PATCH2	PAT2_EFX	_reserve_	int8x4	0,0	0
363	1103	PATCH2	PAT2_EFX	_reserve_	int8x4	0,0	0
364	1104	PATCH2	PAT2_EFX	_reserve_	int8x4	0,0	0
365	1105	PATCH2	PAT2_EFX	_reserve_	int8x4	0,0	0
366	1106	PATCH2	PAT2_EFX	_reserve_	int8x4	0,0	0
367	1107	PATCH2	PAT2_EFX	_reserve_	int8x4	0,0	0
368	1108	PATCH2	PAT2_EFX	_reserve_	int8x4	0,0	0
369	1109	PATCH2	PAT2_EFX	_reserve_	int8x4	0,0	0
370	1110	PATCH2	PAT2_EFX	_reserve_	int8x4	0,0	0
371	1111	PATCH2	PAT2_EFX	_reserve_	int8x4	0,0	0
372	1112	PATCH2	PAT2_EFX	_reserve_	int8x4	0,0	0
373	1113	PATCH2	PAT2_EFX	_reserve_	int8x4	0,0	0
374	1114	PATCH2	PAT2_EFX	_reserve_	int8x4	0,0	0
375	1115	PATCH2	PAT2_EFX	_reserve_	int8x4	0,0	0
376	1116	PATCH2	PAT2_EFX	_reserve_	int8x4	0,0	0
377	1117	PATCH2	PAT2_EFX	_reserve_	int8x4	0,0	0
378	1118	PATCH2	PAT2_CTRL	Patch Tempo	int8x4	0,2600	800
379	1119	PATCH2	PAT2_CTRL	_reserve_	int8x4	0,0	0
380	1120	PATCH2	PAT2_CTRL	_reserve_	int8x4	0,0	0
381	1121	PATCH2	PAT2_CTRL	_reserve_	int8x4	0,0	0
382	1122	PATCH2	PAT2_CTRL	_reserve_	int8x4	0,0	0
383	1123	PATCH2	PAT2_CTRL	_reserve_	int8x4	0,0	0
384	1124	PATCH2	PAT2_CTRL	_reserve_	int8x4	0,0	0
385	1125	PATCH2	PAT2_CTRL	_reserve_	int8x4	0,0	0
386	1126	PATCH2	PAT2_CTRL	_reserve_	int8x4	0,0	0
387	1127	PATCH2	PAT2_CTRL	_reserve_	int8x4	0,0	0
388	1128	PATCH2	PAT2_CTRL	_reserve_	int8x4	0,0	0
389	1129	PATCH2	PAT2_CTRL	_reserve_	int8x4	0,0	0
390	1130	PATCH2	PAT2_CTRL	_reserve_	int8x4	0,0	0
391	1131	PATCH2	PAT2_CTRL	_reserve_	int8x4	0,0	0
392	1132	PATCH2	PAT2_CTRL	_reserve_	int8x4	0,0	0
393	1133	PATCH2	PAT2_CTRL	_reserve_	int8x4	0,0	0
394	1134	PATCH2	PAT2_CTRL	_reserve_	int8x4	0,0	0
395	1135	PATCH2	PAT2_CTRL	_reserve_	int8x4	0,0	0
396	1136	PATCH2	PAT2_CTRL	_reserve_	int8x4	0,0	0
397	1137	PATCH2	PAT2_CTRL	_reserve_	int8x4	0,0	0
398	1138	PATCH2	PAT2_CTRL	_reserve_	int8x4	0,0	0
399	1139	PATCH2	PAT2_CTRL	_reserve_	int8x4	0,0	0
400	1140	PATCH2	PAT2_CTRL	_reserve_	int8x4	0,0	0
401	1141	PATCH2	PAT2_CTRL	_reserve_	int8x4	0,0	0
402	1142	PATCH2	PAT2_CTRL	_reserve_	int8x4	0,0	0
403	1143	PATCH2	PAT2_CTRL	_reserve_	int8x4	0,0	0
404	1144	PATCH2	PAT2_CTRL	_reserve_	int8x4	0,0	0
405	1145	PATCH2	PAT2_CTRL	_reserve_	int8x4	0,0	0
406	1146	PATCH2	PAT2_CTRL	_reserve_	int8x4	0,0	0
407	1147	PATCH2	PAT2_CTRL	_reserve_	int8x4	0,0	0
408	1148	PATCH2	PAT2_NAME	_reserve_	int8x4	0,0	0
409	1149	PATCH2	PAT2_NAME	_reserve_	int8x4	0,0	0
410	1150	PATCH2	PAT2_NAME	_reserve_	int8x4	0,0	0
411	1151	PATCH2	PAT2_NAME	_reserve_	int8x4	0,0	0
412	1152	PATCH2	PAT2_NAME	_reserve_	int8x4	0,0	0
413	1153	PATCH2	PAT2_NAME	_reserve_	int8x4	0,0	0
414	1154	PATCH2	PAT2_NAME	_reserve_	int8x4	0,0	0
415	1155	PATCH2	PAT2_NAME	_reserve_	int8x4	0,0	0
416	1156	PATCH2	PAT2_NAME	_reserve_	int8x4	0,0	0
417	1157	PATCH2	PAT2_NAME	_reserve_	int8x4	0,0	0
418	1158	PATCH2	PAT2_NAME	_reserve_	int8x4	0,0	0
419	1159	PATCH2	PAT2_NAME	_reserve_	int8x4	0,0	0
420	1160	PATCH2	PAT2_NAME	_reserve_	int8x4	0,0	0
421	1161	PATCH2	PAT2_NAME	_reserve_	int8x4	0,0	0
422	1162	PATCH2	PAT2_NAME	_reserve_	int8x4	0,0	0
423	1163	PATCH2	PAT2_NAME	_reserve_	int8x4	0,0	0
424	1164	PATCH2	PAT2_NAME	_reserve_	int8x4	0,0	0
425	1165	PATCH2	PAT2_NAME	_reserve_	int8x4	0,0	0
426	1166	PATCH2	PAT2_NAME	_reserve_	int8x4	0,0	0
427	1167	PATCH2	PAT2_NAME	_reserve_	int8x4	0,0	0
428	1168	PATCH2	PAT2_NAME	_reserve_	int8x4	0,0	0
429	1169	PATCH2	PAT2_NAME	_reserve_	int8x4	0,0	0
430	1170	PATCH2	PAT2_NAME	_reserve_	int8x4	0,0	0
431	1171	PATCH2	PAT2_NAME	_reserve_	int8x4	0,0	0
432	1172	PATCH2	PAT2_NAME	_reserve_	int8x4	0,0	0
433	1173	PATCH2	PAT2_NAME	_reserve_	int8x4	0,0	0
434	1174	PATCH2	PAT2_NAME	_reserve_	int8x4	0,0	0
435	1175	PATCH2	PAT2_NAME	_reserve_	int8x4	0,0	0
436	1176	PATCH2	PAT2_NAME	_reserve_	int8x4	0,0	0
437	1177	PATCH2	PAT2_NAME	_reserve_	int8x4	0,0	0
438	1178	PATCH2	PAT2_DLY	DELAY TAP TIME	int1x7	0,100	50
439	1179	PATCH2	PAT2_DLY	DELAY FEEDBACK	int2x4	0,255	120
440	1180	PATCH2	PAT2_DLY	DELAY HIGH CUT	int1x7	0,14	7
441	1181	PATCH2	PAT2_DLY	DELAY DIRECT LEVEL	int2x4	0,255	255
442	1182	PATCH2	PAT2_DLY	DELAY LF DAMP	int8x4	0,81	0
443	1183	PATCH2	PAT2_DLY	DELAY LF DAMP FREQ	int8x4	0,10	0
444	1184	PATCH2	PAT2_DLY	DELAY HF DAMP	int8x4	0,81	0
445	1185	PATCH2	PAT2_DLY	DELAY HF DAMP FREQ	int8x4	0,13	13
446	1186	PATCH2	PAT2_DLY	_reserve_	int8x4	0,0	0
447	1187	PATCH2	PAT2_DLY	_reserve_	int8x4	0,0	0
448	1188	PATCH2	PAT2_DLY	_reserve_	int8x4	0,0	0
449	1189	PATCH2	PAT2_DLY	_reserve_	int8x4	0,0	0
450	1190	PATCH2	PAT2_DLY	_reserve_	int8x4	0,0	0
451	1191	PATCH2	PAT2_DLY	_reserve_	int8x4	0,0	0
452	1192	PATCH2	PAT2_DLY	_reserve_	int8x4	0,0	0
453	1193	PATCH2	PAT2_DLY	_reserve_	int8x4	0,0	0
454	1194	PATCH2	PAT2_DLY	_reserve_	int8x4	0,0	0
455	1195	PATCH2	PAT2_DLY	_reserve_	int8x4	0,0	0
456	1196	PATCH2	PAT2_DLY	_reserve_	int8x4	0,0	0
457	1197	PATCH2	PAT2_DLY	_reserve_	int8x4	0,0	0
458	1198	PATCH2	PAT2_DLY	_reserve_	int8x4	0,0	0
459	1199	PATCH2	PAT2_DLY	_reserve_	int8x4	0,0	0
460	1200	PATCH2	PAT2_DLY	_reserve_	int8x4	0,0	0
461	1201	PATCH2	PAT2_DLY	_reserve_	int8x4	0,0	0
462	1202	PATCH2	PAT2_DLY	_reserve_	int8x4	0,0	0
463	1203	PATCH2	PAT2_DLY	_reserve_	int8x4	0,0	0
464	1204	PATCH2	PAT2_DLY	_reserve_	int8x4	0,0	0
465	1205	PATCH2	PAT2_DLY	_reserve_	int8x4	0,0	0
466	1206	PATCH2	PAT2_DLY	_reserve_	int8x4	0,0	0
467	1207	PATCH2	PAT2_DLY	_reserve_	int8x4	0,0	0
468	1208	PATCH2	PAT2_DLY	_reserve_	int8x4	0,0	0
469	1209	PATCH2	PAT2_DLY	_reserve_	int8x4	0,0	0
470	1210	PATCH2	PAT2_CHO	CHORUS PRE DELAY	int1x7	0,80	20
471	1211	PATCH2	PAT2_CHO	CHORUS LOW CUT	int1x7	0,17	2
472	1212	PATCH2	PAT2_CHO	CHORUS HIGH CUT	int1x7	0,14	13
473	1213	PATCH2	PAT2_CHO	CHORUS_LFO SOURCE	int1x7	0,1	0
474	1214	PATCH2	PAT2_CHO	CHORUS LFO EXT GAIN	int2x4	0,255	64
475	1215	PATCH2	PAT2_CHO	CHORUS LFO EXT OFFSET	int2x4	0,255	128
476	1216	PATCH2	PAT2_CHO	_reserve_	int8x4	0,0	0
477	1217	PATCH2	PAT2_CHO	_reserve_	int8x4	0,0	0
478	1218	PATCH2	PAT2_CHO	_reserve_	int8x4	0,0	0
479	1219	PATCH2	PAT2_CHO	_reserve_	int8x4	0,0	0
480	1220	PATCH2	PAT2_CHO	_reserve_	int8x4	0,0	0
481	1221	PATCH2	PAT2_CHO	_reserve_	int8x4	0,0	0
482	1222	PATCH2	PAT2_CHO	_reserve_	int8x4	0,0	0
483	1223	PATCH2	PAT2_CHO	_reserve_	int8x4	0,0	0
484	1224	PATCH2	PAT2_CHO	_reserve_	int8x4	0,0	0
485	1225	PATCH2	PAT2_CHO	_reserve_	int8x4	0,0	0
486	1226	PATCH2	PAT2_CHO	_reserve_	int8x4	0,0	0
487	1227	PATCH2	PAT2_CHO	_reserve_	int8x4	0,0	0
488	1228	PATCH2	PAT2_CHO	_reserve_	int8x4	0,0	0
489	1229	PATCH2	PAT2_CHO	_reserve_	int8x4	0,0	0
490	1230	PATCH2	PAT2_CHO	_reserve_	int8x4	0,0	0
491	1231	PATCH2	PAT2_CHO	_reserve_	int8x4	0,0	0
492	1232	PATCH2	PAT2_CHO	_reserve_	int8x4	0,0	0
493	1233	PATCH2	PAT2_CHO	_reserve_	int8x4	0,0	0
494	1234	PATCH2	PAT2_CHO	_reserve_	int8x4	0,0	0
495	1235	PATCH2	PAT2_CHO	_reserve_	int8x4	0,0	0
496	1236	PATCH2	PAT2_CHO	_reserve_	int8x4	0,0	0
497	1237	PATCH2	PAT2_CHO	_reserve_	int8x4	0,0	0
498	1238	PATCH2	PAT2_CHO	_reserve_	int8x4	0,0	0
499	1239	PATCH2	PAT2_CHO	_reserve_	int8x4	0,0	0
500	1240	PATCH2	PAT2_CHO	_reserve_	int8x4	0,0	0
501	1241	PATCH2	PAT2_CHO	_reserve_	int8x4	0,0	0
502	1242	PATCH2	PAT2_FL	FLANGER MANUAL	int2x4	0,255	128
503	1243	PATCH2	PAT2_FL	FLANGER RESONANCE	int2x4	0,255	230
504	1244	PATCH2	PAT2_FL	FLANGER SEPARATIOIN	int2x4	0,255	128
505	1245	PATCH2	PAT2_FL	FLANGER LOW CUT	int1x7	0,17	2
506	1246	PATCH2	PAT2_FL	FLANGER LFO SOURCE	int1x7	0,1	0
507	1247	PATCH2	PAT2_FL	FLANGER LFO EXT GAIN	int2x4	0,255	64
508	1248	PATCH2	PAT2_FL	FLANGER LFO EXT OFFSET	int2x4	0,255	128
509	1249	PATCH2	PAT2_FL	_reserve_	int8x4	0,0	0
510	1250	PATCH2	PAT2_FL	_reserve_	int8x4	0,0	0
511	1251	PATCH2	PAT2_FL	_reserve_	int8x4	0,0	0
512	1252	PATCH2	PAT2_FL	_reserve_	int8x4	0,0	0
513	1253	PATCH2	PAT2_FL	_reserve_	int8x4	0,0	0
514	1254	PATCH2	PAT2_FL	_reserve_	int8x4	0,0	0
515	1255	PATCH2	PAT2_FL	_reserve_	int8x4	0,0	0
516	1256	PATCH2	PAT2_FL	_reserve_	int8x4	0,0	0
517	1257	PATCH2	PAT2_FL	_reserve_	int8x4	0,0	0
518	1258	PATCH2	PAT2_FL	_reserve_	int8x4	0,0	0
519	1259	PATCH2	PAT2_FL	_reserve_	int8x4	0,0	0
520	1260	PATCH2	PAT2_FL	_reserve_	int8x4	0,0	0
521	1261	PATCH2	PAT2_FL	_reserve_	int8x4	0,0	0
522	1262	PATCH2	PAT2_FL	_reserve_	int8x4	0,0	0
523	1263	PATCH2	PAT2_FL	_reserve_	int8x4	0,0	0
524	1264	PATCH2	PAT2_FL	_reserve_	int8x4	0,0	0
525	1265	PATCH2	PAT2_FL	_reserve_	int8x4	0,0	0
526	1266	PATCH2	PAT2_FL	_reserve_	int8x4	0,0	0
527	1267	PATCH2	PAT2_FL	_reserve_	int8x4	0,0	0
528	1268	PATCH2	PAT2_FL	_reserve_	int8x4	0,0	0
529	1269	PATCH2	PAT2_FL	_reserve_	int8x4	0,0	0
530	1270	PATCH2	PAT2_FL	_reserve_	int8x4	0,0	0
531	1271	PATCH2	PAT2_FL	_reserve_	int8x4	0,0	0
532	1272	PATCH2	PAT2_FL	_reserve_	int8x4	0,0	0
533	1273	PATCH2	PAT2_FL	_reserve_	int8x4	0,0	0
534	1274	PATCH2	PAT2_MFX	MFX TYPE	int2x4	0,255	0
535	1275	PATCH2	PAT2_MFX	MFX ASSIGN 1 TARGET	int1x7	0,15	0
536	1276	PATCH2	PAT2_MFX	MFX ASSIGN 1 RANGE MIN	int2x4	0,255	0
537	1277	PATCH2	PAT2_MFX	MFX ASSIGN 1 RANGE MAX	int2x4	0,255	255
538	1278	PATCH2	PAT2_MFX	MFX ASSIGN 2 TARGET	int1x7	0,15	0
539	1279	PATCH2	PAT2_MFX	MFX ASSIGN 2 RANGE MIN	int2x4	0,255	0
540	1280	PATCH2	PAT2_MFX	MFX ASSIGN 2 RANGE MAX	int2x4	0,255	255
541	1281	PATCH2	PAT2_MFX	MFX LFO SOURCE	int1x7	0,1	0
542	1282	PATCH2	PAT2_MFX	MFX LFO EXT GAIN	int2x4	0,255	64
543	1283	PATCH2	PAT2_MFX	MFX LFO EXT OFFSET	int2x4	0,255	128
544	1284	PATCH2	PAT2_MFX	MFX PARAMETER 01	int2x4	0,255	0
545	1285	PATCH2	PAT2_MFX	MFX PARAMETER 02	int2x4	0,255	0
546	1286	PATCH2	PAT2_MFX	MFX PARAMETER 03	int2x4	0,255	0
547	1287	PATCH2	PAT2_MFX	MFX PARAMETER 04	int2x4	0,255	0
548	1288	PATCH2	PAT2_MFX	MFX PARAMETER 05	int2x4	0,255	0
549	1289	PATCH2	PAT2_MFX	MFX PARAMETER 06	int2x4	0,255	0
550	1290	PATCH2	PAT2_MFX	MFX PARAMETER 07	int2x4	0,255	0
551	1291	PATCH2	PAT2_MFX	MFX PARAMETER 08	int2x4	0,255	0
552	1292	PATCH2	PAT2_MFX	MFX PARAMETER 09	int2x4	0,255	0
553	1293	PATCH2	PAT2_MFX	MFX PARAMETER 10	int2x4	0,255	0
554	1294	PATCH2	PAT2_MFX	MFX PARAMETER 11	int2x4	0,255	0
555	1295	PATCH2	PAT2_MFX	MFX PARAMETER 12	int2x4	0,255	0
556	1296	PATCH2	PAT2_MFX	MFX PARAMETER 13	int2x4	0,255	0
557	1297	PATCH2	PAT2_MFX	MFX PARAMETER 14	int2x4	0,255	0
558	1298	PATCH2	PAT2_MFX	MFX PARAMETER 15	int2x4	0,255	0
559	1299	PATCH2	PAT2_MFX	MFX PARAMETER 16	int2x4	0,255	0
560	1300	PATCH2	PAT2_MFX	_reserve_	int8x4	0,0	0
561	1301	PATCH2	PAT2_MFX	_reserve_	int8x4	0,0	0
562	1302	PATCH2	PAT2_MFX	_reserve_	int8x4	0,0	0
563	1303	PATCH2	PAT2_MFX	_reserve_	int8x4	0,0	0
564	1304	PATCH2	PAT2_MFX	_reserve_	int8x4	0,0	0
565	1305	PATCH2	PAT2_MFX	_reserve_	int8x4	0,0	0
566	1306	PATCH2	PAT2_MFX	_reserve_	int8x4	0,0	0
567	1307	PATCH2	PAT2_MFX	_reserve_	int8x4	0,0	0
568	1308	PATCH2	PAT2_MFX	_reserve_	int8x4	0,0	0
569	1309	PATCH2	PAT2_MFX	_reserve_	int8x4	0,0	0
570	1310	PATCH2	PAT2_MFX	_reserve_	int8x4	0,0	0
571	1311	PATCH2	PAT2_MFX	_reserve_	int8x4	0,0	0
572	1312	PATCH2	PAT2_MFX	_reserve_	int8x4	0,0	0
573	1313	PATCH2	PAT2_MFX	_reserve_	int8x4	0,0	0
574	1314	PATCH2	PAT2_MFX	_reserve_	int8x4	0,0	0
575	1315	PATCH2	PAT2_MFX	_reserve_	int8x4	0,0	0
576	1316	PATCH2	PAT2_MFX	_reserve_	int8x4	0,0	0
577	1317	PATCH2	PAT2_MFX	_reserve_	int8x4	0,0	0
578	1318	PATCH2	PAT2_MFX	_reserve_	int8x4	0,0	0
579	1319	PATCH2	PAT2_MFX	_reserve_	int8x4	0,0	0
580	1320	PATCH2	PAT2_MFX	_reserve_	int8x4	0,0	0
581	1321	PATCH2	PAT2_MFX	_reserve_	int8x4	0,0	0
582	1322	PATCH2	PAT2_MFX	_reserve_	int8x4	0,0	0
583	1323	PATCH2	PAT2_REV	REVERB PRE DELAY	int1x7	0,100	20
584	1324	PATCH2	PAT2_REV	REVERB LOW CUT	int1x7	0,17	2
585	1325	PATCH2	PAT2_REV	REVERB HIGH CUT	int1x7	0,14	11
586	1326	PATCH2	PAT2_REV	REVERB DENSITY	int1x7	0,10	10
587	1327	PATCH2	PAT2_REV	REVERB DIRECT LEVEL	int2x4	0,255	255
588	1328	PATCH2	PAT2_REV	_reserve_	int8x4	0,0	0
589	1329	PATCH2	PAT2_REV	_reserve_	int8x4	0,0	0
590	1330	PATCH2	PAT2_REV	_reserve_	int8x4	0,0	0
591	1331	PATCH2	PAT2_REV	_reserve_	int8x4	0,0	0
592	1332	PATCH2	PAT2_REV	_reserve_	int8x4	0,0	0
593	1333	PATCH2	PAT2_REV	_reserve_	int8x4	0,0	0
594	1334	PATCH2	PAT2_REV	_reserve_	int8x4	0,0	0
595	1335	PATCH2	PAT2_REV	_reserve_	int8x4	0,0	0
596	1336	PATCH2	PAT2_REV	_reserve_	int8x4	0,0	0
597	1337	PATCH2	PAT2_REV	_reserve_	int8x4	0,0	0
598	1338	PATCH2	PAT2_REV	_reserve_	int8x4	0,0	0
599	1339	PATCH2	PAT2_REV	_reserve_	int8x4	0,0	0
600	1340	PATCH2	PAT2_REV	_reserve_	int8x4	0,0	0
601	1341	PATCH2	PAT2_REV	_reserve_	int8x4	0,0	0
602	1342	PATCH2	PAT2_REV	_reserve_	int8x4	0,0	0
603	1343	PATCH2	PAT2_REV	_reserve_	int8x4	0,0	0
604	1344	PATCH2	PAT2_REV	_reserve_	int8x4	0,0	0
605	1345	PATCH2	PAT2_REV	_reserve_	int8x4	0,0	0
606	1346	PATCH2	PAT2_REV	_reserve_	int8x4	0,0	0
607	1347	PATCH2	PAT2_REV	_reserve_	int8x4	0,0	0
608	1348	PATCH2	PAT2_REV	_reserve_	int8x4	0,0	0
609	1349	PATCH2	PAT2_REV	_reserve_	int8x4	0,0	0
610	1350	PATCH2	PAT2_REV	_reserve_	int8x4	0,0	0
611	1351	PATCH2	PAT2_REV	_reserve_	int8x4	0,0	0
612	1352	PATCH2	PAT2_REV	_reserve_	int8x4	0,0	0
613	1353	PATCH2	PAT2_REV	_reserve_	int8x4	0,0	0
614	1354	PATCH2	PAT2_REV	_reserve_	int8x4	0,0	0
615	1355	PATCH2	PAT2_CHORD	CHORD MEMORY SW	int1x7	0,1	0
616	1356	PATCH2	PAT2_CHORD	CHORD MEMORY Form	int1x7	0,10	10
617	1357	PATCH2	PAT2_CHORD	CHORD MEMORY Note (voice 1)	int2x4	0,128	61
618	1358	PATCH2	PAT2_CHORD	CHORD MEMORY Note (voice 2)	int2x4	0,128	68
619	1359	PATCH2	PAT2_CHORD	CHORD MEMORY Note (voice 3)	int2x4	0,128	73
620	1360	PATCH2	PAT2_CHORD	CHORD MEMORY Note (voice 4)	int2x4	0,128	0
621	1361	PATCH2	PAT2_CHORD	CHORD MEMORY Note (voice 5)	int2x4	0,128	0
622	1362	PATCH2	PAT2_CHORD	CHORD MEMORY Note (voice 6)	int2x4	0,128	0
623	1363	PATCH2	PAT2_CHORD	CHORD MEMORY Note (voice 7)	int2x4	0,128	0
624	1364	PATCH2	PAT2_CHORD	CHORD MEMORY Note (voice 8)	int2x4	0,128	0
625	1365	PATCH2	PAT2_CHORD	CHORD MEMORY Note (voice 9)	int2x4	0,128	0
626	1366	PATCH2	PAT2_CHORD	CHORD MEMORY Note (voice 10)	int2x4	0,128	0
627	1367	PATCH2	PAT2_CHORD	CHORD MEMORY Note (voice 11)	int2x4	0,128	0
628	1368	PATCH2	PAT2_CHORD	CHORD MEMORY Note (voice 12)	int2x4	0,128	0
629	1369	PATCH2	PAT2_CHORD	CHORD MEMORY Note (voice 13)	int2x4	0,128	0
630	1370	PATCH2	PAT2_CHORD	CHORD MEMORY Note (voice 14)	int2x4	0,128	0
631	1371	PATCH2	PAT2_CHORD	CHORD MEMORY Note (voice 15)	int2x4	0,128	0
632	1372	PATCH2	PAT2_CHORD	CHORD MEMORY Note (voice 16)	int2x4	0,128	0
633	1373	PATCH2	PAT2_CHORD	_reserve_	int8x4	0,0	0
634	1374	PATCH2	PAT2_CHORD	_reserve_	int8x4	0,0	0
635	1375	PATCH2	PAT2_CHORD	_reserve_	int8x4	0,0	0
636	1376	PATCH2	PAT2_CHORD	_reserve_	int8x4	0,0	0
637	1377	PATCH2	PAT2_CHORD	_reserve_	int8x4	0,0	0
638	1378	PATCH2	PAT2_CHORD	_reserve_	int8x4	0,0	0
639	1379	PATCH2	PAT2_CHORD	_reserve_	int8x4	0,0	0
640	1380	PATCH2	PAT2_CHORD	_reserve_	int8x4	0,0	0
641	1381	PATCH2	PAT2_CHORD	_reserve_	int8x4	0,0	0
642	1382	PATCH2	PAT2_CHORD	_reserve_	int8x4	0,0	0
643	1383	PATCH2	PAT2_CHORD	_reserve_	int8x4	0,0	0
644	1384	PATCH2	PAT2_CHORD	_reserve_	int8x4	0,0	0
645	1385	PATCH2	PAT2_CHORD	_reserve_	int8x4	0,0	0
646	1386	PATCH2	PAT2_CHORD	_reserve_	int8x4	0,0	0
647	1387	PATCH2	PAT2_CHORD	_reserve_	int8x4	0,0	0
648	1388	PATCH2	PAT2_CHORD	_reserve_	int8x4	0,0	0
649	1389	PATCH2	PAT2_CHORD	_reserve_	int8x4	0,0	0
650	1390	PATCH2	PAT2_CHORD	_reserve_	int8x4	0,0	0
651	1391	PATCH2	PAT2_CHORD	_reserve_	int8x4	0,0	0
652	1392	PATCH2	PAT2_CHORD	_reserve_	int8x4	0,0	0
653	1393	PATCH2	PAT2_CHORD	_reserve_	int8x4	0,0	0
654	1394	PATCH2	PAT2_CHORD	_reserve_	int8x4	0,0	0
655	1395	PATCH2	PAT2_CHORD	_reserve_	int8x4	0,0	0
656	1396	PATCH2	PAT2_CHORD	_reserve_	int8x4	0,0	0
657	1397	PATCH2	PAT2_CHORD	_reserve_	int8x4	0,0	0
658	1398	PATCH2	PAT2_EXTD	_reserve_	int8x4	0,0	0
659	1399	PATCH2	PAT2_EXTD	_reserve_	int8x4	0,0	0
660	1400	PATCH2	PAT2_EXTD	_reserve_	int8x4	0,0	0
661	1401	PATCH2	PAT2_EXTD	_reserve_	int8x4	0,0	0
662	1402	PATCH2	PAT2_EXTD	_reserve_	int8x4	0,0	0
663	1403	PATCH2	PAT2_EXTD	_reserve_	int8x4	0,0	0
664	1404	PATCH2	PAT2_EXTD	_reserve_	int8x4	0,0	0
665	1405	PATCH2	PAT2_EXTD	_reserve_	int8x4	0,0	0
666	1406	PATCH2	PAT2_EXTD	_reserve_	int8x4	0,0	0
667	1407	PATCH2	PAT2_EXTD	_reserve_	int8x4	0,0	0
668	1408	PATCH2	PAT2_EXTD	_reserve_	int8x4	0,0	0
669	1409	PATCH2	PAT2_EXTD	_reserve_	int8x4	0,0	0
670	1410	PATCH2	PAT2_EXTD	_reserve_	int8x4	0,0	0
671	1411	PATCH2	PAT2_EXTD	_reserve_	int8x4	0,0	0
672	1412	PATCH2	PAT2_EXTD	_reserve_	int8x4	0,0	0
673	1413	PATCH2	PAT2_EXTD	_reserve_	int8x4	0,0	0
674	1414	PATCH2	PAT2_EXTD	_reserve_	int8x4	0,0	0
675	1415	PATCH2	PAT2_EXTD	_reserve_	int8x4	0,0	0
676	1416	PATCH2	PAT2_EXTD	_reserve_	int8x4	0,0	0
677	1417	PATCH2	PAT2_EXTD	_reserve_	int8x4	0,0	0
678	1418	PATCH2	PAT2_EXTD	_reserve_	int8x4	0,0	0
679	1419	PATCH2	PAT2_EXTD	_reserve_	int8x4	0,0	0
680	1420	PATCH2	PAT2_EXTD	_reserve_	int8x4	0,0	0
681	1421	PATCH2	PAT2_EXTD	_reserve_	int8x4	0,0	0
682	1422	PATCH2	PAT2_EXTD	_reserve_	int8x4	0,0	0
683	1423	PATCH2	PAT2_EXTD	_reserve_	int8x4	0,0	0
684	1424	PATCH2	PAT2_EXTD	_reserve_	int8x4	0,0	0
685	1425	PATCH2	PAT2_EXTD	_reserve_	int8x4	0,0	0
686	1426	PATCH2	PAT2_EXTD	_reserve_	int8x4	0,0	0
687	1427	PATCH2	PAT2_EXTD	_reserve_	int8x4	0,0	0
688	1428	PATCH	PAT3_SEQ_COM	STEP SEQ LENGTH	int1x7	0,63	15
689	1429	PATCH	PAT3_SEQ_COM	STEP SEQ FIRST STEP	int1x7	0,63	0
690	1430	PATCH	PAT3_SEQ_COM	STEP SEQ LAST STEP	int1x7	0,63	15
691	1431	PATCH	PAT3_SEQ_COM	STEP SEQ SCALE	int1x7	0,5	1
692	1432	PATCH	PAT3_SEQ_COM	STEP SEQ PLAY MODE	int1x7	0,5	0
693	1433	PATCH	PAT3_SEQ_COM	STEP SEQ GATE RATIO	int2x4	0,255	128
694	1434	PATCH	PAT3_SEQ_COM	STEP SEQ SHUFFLE	int2x4	0,255	128
695	1435	PATCH	PAT3_SEQ_COM	STEP SEQ SMOOTH	int1x7	0,2	0
696	1436	PATCH	PAT3_SEQ_COM	DUMMY1	int1x7	0,1	0
697	1437	PATCH	PAT3_SEQ_COM	DUMMY2	int1x7	0,1	0
698	1438	PATCH	PAT3_SEQ_COM	_reserve_	int8x4	0,0	0
699	1439	PATCH	PAT3_SEQ_COM	_reserve_	int8x4	0,0	0
700	1440	PATCH	PAT3_SEQ_COM	_reserve_	int8x4	0,0	0
701	1441	PATCH	PAT3_SEQ_COM	_reserve_	int8x4	0,0	0
702	1442	PATCH	PAT3_SEQ_COM	_reserve_	int8x4	0,0	0
703	1443	PATCH	PAT3_SEQ_COM	_reserve_	int8x4	0,0	0
704	1444	PATCH	PAT3_SEQ_COM	_reserve_	int8x4	0,0	0
705	1445	PATCH	PAT3_SEQ_COM	_reserve_	int8x4	0,0	0
706	1446	PATCH	PAT3_SEQ_COM	_reserve_	int8x4	0,0	0
707	1447	PATCH	PAT3_SEQ_COM	_reserve_	int8x4	0,0	0
708	1448	PATCH	PAT3_SEQ_COM	_reserve_	int8x4	0,0	0
709	1449	PATCH	PAT3_SEQ_COM	_reserve_	int8x4	0,0	0
710	1450	PATCH	PAT3_SEQ_COM	_reserve_	int8x4	0,0	0
711	1451	PATCH	PAT3_SEQ_COM	_reserve_	int8x4	0,0	0
712	1452	PATCH	PAT3_SEQ_COM	_reserve_	int8x4	0,0	0
713	1453	PATCH	PAT3_SEQ_COM	_reserve_	int8x4	0,0	0
714	1454	PATCH	PAT3_SEQ_COM	_reserve_	int8x4	0,0	0
715	1455	PATCH	PAT3_SEQ_COM	_reserve_	int8x4	0,0	0
716	1456	PATCH	PAT3_SEQ_COM	_reserve_	int8x4	0,0	0
717	1457	PATCH	PAT3_SEQ_COM	_reserve_	int8x4	0,0	0
718	1458	PATCH	PAT3_SEQ_COM	_reserve_	int8x4	0,0	0
719	1459	PATCH	PAT3_SEQ_COM	_reserve_	int8x4	0,0	0
720	1460	PATCH	PAT3_SEQ_COM	_reserve_	int8x4	0,0	0
721	1461	PATCH	PAT3_SEQ_COM	_reserve_	int8x4	0,0	0
722	1462	PATCH	PAT3_SEQ_COM	_reserve_	int8x4	0,0	0
723	1463	PATCH	PAT3_SEQ_COM	_reserve_	int8x4	0,0	0
724	1464	PATCH	PAT3_SEQ_COM	_reserve_	int8x4	0,0	0
725	1465	PATCH	PAT3_SEQ_COM	_reserve_	int8x4	0,0	0
726	1466	PATCH	PAT3_SEQ_STEP0	STEP SEQ Note (voice 1)	int1x7	0,127	36
727	1467	PATCH	PAT3_SEQ_STEP0	STEP SEQ Note (voice 2)	int1x7	0,127	36
728	1468	PATCH	PAT3_SEQ_STEP0	STEP SEQ Note (voice 3)	int1x7	0,127	36
729	1469	PATCH	PAT3_SEQ_STEP0	STEP SEQ Note (voice 4)	int1x7	0,127	36
730	1470	PATCH	PAT3_SEQ_STEP0	STEP SEQ Note (voice 5)	int1x7	0,127	36
731	1471	PATCH	PAT3_SEQ_STEP0	STEP SEQ Note (voice 6)	int1x7	0,127	36
732	1472	PATCH	PAT3_SEQ_STEP0	STEP SEQ Note (voice 7)	int1x7	0,127	36
733	1473	PATCH	PAT3_SEQ_STEP0	STEP SEQ Note (voice 8)	int1x7	0,127	36
734	1474	PATCH	PAT3_SEQ_STEP0	STEP SEQ Velo (voice 1)	int1x7	0,127	0
735	1475	PATCH	PAT3_SEQ_STEP0	STEP SEQ Velo (voice 2)	int1x7	0,127	0
736	1476	PATCH	PAT3_SEQ_STEP0	STEP SEQ Velo (voice 3)	int1x7	0,127	0
737	1477	PATCH	PAT3_SEQ_STEP0	STEP SEQ Velo (voice 4)	int1x7	0,127	0
738	1478	PATCH	PAT3_SEQ_STEP0	STEP SEQ Velo (voice 5)	int1x7	0,127	0
739	1479	PATCH	PAT3_SEQ_STEP0	STEP SEQ Velo (voice 6)	int1x7	0,127	0
740	1480	PATCH	PAT3_SEQ_STEP0	STEP SEQ Velo (voice 7)	int1x7	0,127	0
741	1481	PATCH	PAT3_SEQ_STEP0	STEP SEQ Velo (voice 8)	int1x7	0,127	0
742	1482	PATCH	PAT3_SEQ_STEP0	STEP SEQ Gate (voice 1)	int1x7	0,99	49
743	1483	PATCH	PAT3_SEQ_STEP0	STEP SEQ Gate (voice 2)	int1x7	0,99	49
744	1484	PATCH	PAT3_SEQ_STEP0	STEP SEQ Gate (voice 3)	int1x7	0,99	49
745	1485	PATCH	PAT3_SEQ_STEP0	STEP SEQ Gate (voice 4)	int1x7	0,99	49
746	1486	PATCH	PAT3_SEQ_STEP0	STEP SEQ Gate (voice 5)	int1x7	0,99	49
747	1487	PATCH	PAT3_SEQ_STEP0	STEP SEQ Gate (voice 6)	int1x7	0,99	49
748	1488	PATCH	PAT3_SEQ_STEP0	STEP SEQ Gate (voice 7)	int1x7	0,99	49
749	1489	PATCH	PAT3_SEQ_STEP0	STEP SEQ Gate (voice 8)	int1x7	0,99	49
750	1490	PATCH	PAT3_SEQ_STEP0	STEP SEQ Note Flag	int8x4	0,2147483647	0
751	1491	PATCH	PAT3_SEQ_STEP0	STEP SEQ Slide Flag	int8x4	0,2147483647	0
752	1492	PATCH	PAT3_SEQ_STEP0	STEP SEQ Mute Flag	int8x4	0,2147483647	0
753	1493	PATCH	PAT3_SEQ_STEP0	STEP SEQ Assign 1 Target	int8x4	0,2147483647	0
754	1494	PATCH	PAT3_SEQ_STEP0	STEP SEQ Assign 2 Target	int8x4	0,2147483647	0
755	1495	PATCH	PAT3_SEQ_STEP0	STEP SEQ Assign 3 Target	int8x4	0,2147483647	0
756	1496	PATCH	PAT3_SEQ_STEP0	STEP SEQ Assign 4 Target	int8x4	0,2147483647	0
757	1497	PATCH	PAT3_SEQ_STEP0	STEP SEQ Assign 1 Value	int8x4	0,2147483647	0
758	1498	PATCH	PAT3_SEQ_STEP0	STEP SEQ Assign 2 Value	int8x4	0,2147483647	0
759	1499	PATCH	PAT3_SEQ_STEP0	STEP SEQ Assign 3 Value	int8x4	0,2147483647	0
760	1500	PATCH	PAT3_SEQ_STEP0	STEP SEQ Assign 4 Value	int8x4	0,2147483647	0
761	1501	PATCH	PAT3_SEQ_STEP0	STEP SEQ Assign 1 Transient	int1x7	0,5	0
762	1502	PATCH	PAT3_SEQ_STEP0	STEP SEQ Assign 2 Transient	int1x7	0,5	0
763	1503	PATCH	PAT3_SEQ_STEP0	STEP SEQ Assign 3 Transient	int1x7	0,5	0
764	1504	PATCH	PAT3_SEQ_STEP0	STEP SEQ Assign 4 Transient	int1x7	0,5	0
765	1505	PATCH	PAT3_SEQ_STEP0	STEP SEQ Assign Flag	int8x4	0,2147483647	0
766	1506	PATCH	PAT3_SEQ_STEP0	_reserve_	int8x4	0,0	0
767	1507	PATCH	PAT3_SEQ_STEP0	_reserve_	int8x4	0,0	0
768	1508	PATCH	PAT3_SEQ_STEP0	_reserve_	int8x4	0,0	0
769	1509	PATCH	PAT3_SEQ_STEP0	_reserve_	int8x4	0,0	0
770	1510	PATCH	PAT3_SEQ_STEP0	_reserve_	int8x4	0,0	0
771	1511	PATCH	PAT3_SEQ_STEP0	_reserve_	int8x4	0,0	0
772	1512	PATCH	PAT3_SEQ_STEP0	_reserve_	int8x4	0,0	0
773	1513	PATCH	PAT3_SEQ_STEP0	_reserve_	int8x4	0,0	0
774	1514	PATCH	PAT3_SEQ_STEP0	_reserve_	int8x4	0,0	0
775	1515	PATCH	PAT3_SEQ_STEP0	_reserve_	int8x4	0,0	0
776	1516	PATCH	PAT3_SEQ_STEP0	_reserve_	int8x4	0,0	0
777	1517	PATCH	PAT3_SEQ_STEP0	_reserve_	int8x4	0,0	0
778	1518	PATCH	PAT3_SEQ_STEP0	_reserve_	int8x4	0,0	0
779	1519	PATCH	PAT3_SEQ_STEP0	_reserve_	int8x4	0,0	0
780	1520	PATCH	PAT3_EXTD	_reserve_	int8x4	0,0	0
781	1521	PATCH	PAT3_EXTD	_reserve_	int8x4	0,0	0
782	1522	PATCH	PAT3_EXTD	_reserve_	int8x4	0,0	0
783	1523	PATCH	PAT3_EXTD	_reserve_	int8x4	0,0	0
784	1524	PATCH	PAT3_EXTD	_reserve_	int8x4	0,0	0
785	1525	PATCH	PAT3_EXTD	_reserve_	int8x4	0,0	0
786	1526	PATCH	PAT3_EXTD	_reserve_	int8x4	0,0	0
787	1527	PATCH	PAT3_EXTD	_reserve_	int8x4	0,0	0
788	1528	PATCH	PAT3_EXTD	_reserve_	int8x4	0,0	0
789	1529	PATCH	PAT3_EXTD	_reserve_	int8x4	0,0	0
790	1530	PATCH	PAT3_EXTD	_reserve_	int8x4	0,0	0
791	1531	PATCH	PAT3_EXTD	_reserve_	int8x4	0,0	0
792	1532	PATCH	PAT3_EXTD	_reserve_	int8x4	0,0	0
793	1533	PATCH	PAT3_EXTD	_reserve_	int8x4	0,0	0
794	1534	PATCH	PAT3_EXTD	_reserve_	int8x4	0,0	0
795	1535	PATCH	PAT3_EXTD	_reserve_	int8x4	0,0	0
796	1536	PATCH	PAT3_EXTD	_reserve_	int8x4	0,0	0
797	1537	PATCH	PAT3_EXTD	_reserve_	int8x4	0,0	0
798	1538	PATCH	PAT3_EXTD	_reserve_	int8x4	0,0	0
799	1539	PATCH	PAT3_EXTD	_reserve_	int8x4	0,0	0
800	1540	PATCH	PAT3_EXTD	_reserve_	int8x4	0,0	0
801	1541	PATCH	PAT3_EXTD	_reserve_	int8x4	0,0	0
802	1542	PATCH	PAT3_EXTD	_reserve_	int8x4	0,0	0
803	1543	PATCH	PAT3_EXTD	_reserve_	int8x4	0,0	0
804	1544	PATCH	PAT3_EXTD	_reserve_	int8x4	0,0	0
805	1545	PATCH	PAT3_EXTD	_reserve_	int8x4	0,0	0
806	1546	PATCH	PAT3_EXTD	_reserve_	int8x4	0,0	0
807	1547	PATCH	PAT3_EXTD	_reserve_	int8x4	0,0	0
808	1548	PATCH	PAT3_EXTD	_reserve_	int8x4	0,0	0
809	1549	PATCH	PAT3_EXTD	_reserve_	int8x4	0,0	0
810	1550	PATCH	vs	mode	?	0,1	0
811	1551	PATCH	vs	ccAssign	?	0,1	1
812	1552	PATCH	vs	panelPatch	?	0,1	0
813	1553	PATCH	vs	panelSize	?	0,1	1
814	1554	PATCH	vs	patchManager	?	0,1	0
815	1555	PATCH	vs	patchListMain	?	0,1	0
816	1556	PATCH	vs	patchListSub	?	0,1	0
817	1557	PATCH	vs	activation	?	0,2	0
818	1558	PATCH	vs	mainZoom	int4x4	25,200	62
819	1559	PATCH	vs	dm	?	0,127	0
820	1560	PATCH	vs	velSense	?	0,1	1
821	1561	PATCH	vs	voiceCount	?	2,8	6
822	1562	PATCH	vs	quality	?	0,1	0
823	1563	PATCH	vs	bankId	int4x4	0,65535	0
824	1564	PATCH	vs	patchId	?	0,63	0
825	1565	PATCH	vs	sampleRate	?	0,3	0
826	1566	PATCH	vs	patchZoom	int4x4	25,200	62
827	1567	PATCH	vs	setup	?	0,1	0
828	1568	PATCH	vs	updateSetup	?	0,1	0
829	1569	PATCH	vs	writePatch	?	0,1	0
830	1570	PATCH	vs	auth	?	0,1	0
831	1571	PATCH	vs	updateAuth	?	0,1	0
832	1572	PATCH	vs	authDummy	stringNx7		
833	1573	PATCH	ks	onVel	?	0,127	0
834	1574	PATCH	ks	offVel	?	1,127	64
835	1575	PATCH	ks	ch	?	0,15	0
