offset	array	class	voice_distinct	written_at_v>0	writers	readers
101504	AUX	EVENT-MIRROR+NOTE+STATE-SEED	YES	YES	src/juno_note.c:238,src/juno_note.c:262	engine_b/eb_coefs.c:352,engine_b/eb_coefs.c:372,engine_b/eb_coefs.c:378
176	MAIN	BUILD-READ	no	no	-	engine_b/eb_coefs.c:261
208	MAIN	BUILD-READ	no	no	-	engine_b/eb_coefs.c:262
240	MAIN	BUILD-READ	no	no	-	engine_b/eb_coefs.c:263
272	MAIN	BUILD-READ	no	no	-	engine_b/eb_coefs.c:263
304	MAIN	BUILD-READ+NOTE	YES	YES	src/juno_note.c:160,src/juno_note.c:274	engine_b/eb_coefs.c:264
320	MAIN	EVENT-MIRROR+NOTE+STATE-SEED	YES	YES	src/juno_note.c:164,src/juno_note.c:249	engine_b/eb_coefs.c:351,engine_b/eb_coefs.c:371
368	MAIN	BUILD-READ	no	no	-	engine_b/eb_coefs.c:270
384	MAIN	BUILD-READ	no	no	-	engine_b/eb_coefs.c:271
544	MAIN	BUILD-READ	no	no	-	engine_b/eb_coefs.c:265
560	MAIN	STATE-SEED	render-only	no	-	engine_b/eb_coefs.c:347
592	MAIN	BUILD-READ+NOTE+RECALL	YES	YES	src/juno_apply.c:597,src/juno_note.c:305	engine_b/eb_coefs.c:218
608	MAIN	BUILD-READ+RECALL	no	no	src/juno_apply.c:654	engine_b/eb_coefs.c:218
624	MAIN	BUILD-READ+RECALL	no	no	src/juno_apply.c:597	engine_b/eb_coefs.c:219
656	MAIN	STATE-SEED	render-only	no	-	engine_b/eb_coefs.c:347
672	MAIN	STATE-SEED	render-only	no	-	engine_b/eb_coefs.c:348
688	MAIN	STATE-SEED	render-only	no	-	engine_b/eb_coefs.c:348
704	MAIN	STATE-SEED	render-only	no	-	engine_b/eb_coefs.c:349
768	MAIN	BUILD-READ	no	no	-	engine_b/eb_coefs.c:219
784	MAIN	BUILD-READ	no	no	-	engine_b/eb_coefs.c:220
800	MAIN	BUILD-READ	no	no	-	engine_b/eb_coefs.c:220
816	MAIN	BUILD-READ	no	no	-	engine_b/eb_coefs.c:221
832	MAIN	BUILD-READ	no	no	-	engine_b/eb_coefs.c:221
848	MAIN	BUILD-READ	no	no	-	engine_b/eb_coefs.c:222
864	MAIN	BUILD-READ	no	no	-	engine_b/eb_coefs.c:222
880	MAIN	STATE-SEED	no	no	-	engine_b/eb_coefs.c:349
912	MAIN	BUILD-READ	no	no	-	engine_b/eb_coefs.c:223
944	MAIN	BUILD-READ	no	no	-	engine_b/eb_coefs.c:256
976	MAIN	BUILD-READ	no	no	-	engine_b/eb_coefs.c:257
1008	MAIN	BUILD-READ	no	no	-	engine_b/eb_coefs.c:258
1040	MAIN	BUILD-READ	no	no	-	engine_b/eb_coefs.c:223
1056	MAIN	BUILD-READ+RECALL	no	no	src/juno_apply.c:597	engine_b/eb_coefs.c:231
1072	MAIN	BUILD-READ+RECALL	no	YES	src/juno_apply.c:622,src/juno_apply.c:815	engine_b/eb_coefs.c:231
1088	MAIN	BUILD-READ+RECALL	no	no	src/juno_apply.c:597	engine_b/eb_coefs.c:224
1104	MAIN	STATE-SEED	no	no	-	engine_b/eb_coefs.c:350
1152	MAIN	BUILD-READ	no	no	-	engine_b/eb_coefs.c:224
1168	MAIN	BUILD-READ	no	no	-	engine_b/eb_coefs.c:225
1184	MAIN	BUILD-READ	no	no	-	engine_b/eb_coefs.c:232
1200	MAIN	BUILD-READ	no	no	-	engine_b/eb_coefs.c:232
1216	MAIN	BUILD-READ	no	no	-	engine_b/eb_coefs.c:233
1488	MAIN	STATE-SEED	no	no	-	engine_b/eb_coefs.c:344
1504	MAIN	STATE-SEED	no	no	-	engine_b/eb_coefs.c:344
1536	MAIN	STATE-SEED	no	no	-	engine_b/eb_coefs.c:345
1568	MAIN	STATE-SEED	no	no	-	engine_b/eb_coefs.c:345
1600	MAIN	STATE-SEED	no	no	-	engine_b/eb_coefs.c:346
1856	MAIN	BUILD-READ+NOTE	no	YES	src/juno_note.c:200,src/juno_note.c:225	engine_b/eb_coefs.c:233
1872	MAIN	BUILD-READ+RECALL	no	no	src/juno_apply.c:623	engine_b/eb_coefs.c:234
1888	MAIN	BUILD-READ	no	no	-	engine_b/eb_coefs.c:234
1904	MAIN	BUILD-READ	no	no	-	engine_b/eb_coefs.c:235
1920	MAIN	BUILD-READ+RECALL	no	no	src/juno_apply.c:597	engine_b/eb_coefs.c:235
1936	MAIN	BUILD-READ+RECALL	no	no	src/juno_apply.c:621	engine_b/eb_coefs.c:236
1952	MAIN	BUILD-READ	no	no	-	engine_b/eb_coefs.c:236
1968	MAIN	BUILD-READ	no	no	-	engine_b/eb_coefs.c:237
1984	MAIN	BUILD-READ	no	no	-	engine_b/eb_coefs.c:237
2000	MAIN	BUILD-READ	no	no	-	engine_b/eb_coefs.c:238
2016	MAIN	BUILD-READ	no	no	-	engine_b/eb_coefs.c:238
2032	MAIN	BUILD-READ	no	no	-	engine_b/eb_coefs.c:239
2048	MAIN	BUILD-READ	no	no	-	engine_b/eb_coefs.c:239
2064	MAIN	BUILD-READ+RECALL	no	no	src/juno_apply.c:597	engine_b/eb_coefs.c:240
2080	MAIN	BUILD-READ	no	no	-	engine_b/eb_coefs.c:240
2096	MAIN	BUILD-READ	no	no	-	engine_b/eb_coefs.c:241
2112	MAIN	BUILD-READ	no	no	-	engine_b/eb_coefs.c:241
2128	MAIN	BUILD-READ	no	no	-	engine_b/eb_coefs.c:242
2144	MAIN	BUILD-READ	no	no	-	engine_b/eb_coefs.c:242
2160	MAIN	BUILD-READ	no	no	-	engine_b/eb_coefs.c:243
2176	MAIN	BUILD-READ	no	no	-	engine_b/eb_coefs.c:243
2192	MAIN	BUILD-READ	no	no	-	engine_b/eb_coefs.c:244
2208	MAIN	BUILD-READ	no	no	-	engine_b/eb_coefs.c:244
2224	MAIN	BUILD-READ	no	no	-	engine_b/eb_coefs.c:245
2240	MAIN	BUILD-READ	no	no	-	engine_b/eb_coefs.c:245
2256	MAIN	BUILD-READ	no	no	-	engine_b/eb_coefs.c:246
2272	MAIN	BUILD-READ	no	no	-	engine_b/eb_coefs.c:246
2288	MAIN	BUILD-READ	no	no	-	engine_b/eb_coefs.c:247
2304	MAIN	BUILD-READ	no	no	-	engine_b/eb_coefs.c:247
2320	MAIN	BUILD-READ	no	no	-	engine_b/eb_coefs.c:248
2336	MAIN	BUILD-READ	no	no	-	engine_b/eb_coefs.c:248
2352	MAIN	BUILD-READ	no	no	-	engine_b/eb_coefs.c:249
2368	MAIN	BUILD-READ	no	no	-	engine_b/eb_coefs.c:249
2384	MAIN	BUILD-READ	no	no	-	engine_b/eb_coefs.c:250
2400	MAIN	BUILD-READ	no	no	-	engine_b/eb_coefs.c:250
2416	MAIN	BUILD-READ	no	no	-	engine_b/eb_coefs.c:251
2432	MAIN	BUILD-READ	no	no	-	engine_b/eb_coefs.c:251
2448	MAIN	BUILD-READ	no	no	-	engine_b/eb_coefs.c:252
2464	MAIN	BUILD-READ	no	no	-	engine_b/eb_coefs.c:252
2480	MAIN	BUILD-READ	no	no	-	engine_b/eb_coefs.c:253
2496	MAIN	BUILD-READ	no	no	-	engine_b/eb_coefs.c:253
2512	MAIN	BUILD-READ	no	no	-	engine_b/eb_coefs.c:254
2560	MAIN	BUILD-READ+RECALL	no	no	src/juno_apply.c:666	engine_b/eb_coefs.c:274
2592	MAIN	STATE-SEED	render-only	no	-	engine_b/eb_coefs.c:327
2624	MAIN	STATE-SEED	render-only	no	-	engine_b/eb_coefs.c:328
2640	MAIN	STATE-SEED	render-only	no	-	engine_b/eb_coefs.c:329
2672	MAIN	STATE-SEED	no	no	-	engine_b/eb_coefs.c:330
2720	MAIN	STATE-SEED	render-only	no	-	engine_b/eb_coefs.c:331
2784	MAIN	BUILD-READ+RECALL	no	no	src/juno_apply.c:597	engine_b/eb_coefs.c:31
2800	MAIN	BUILD-READ+RECALL	no	no	src/juno_apply.c:597	engine_b/eb_coefs.c:31
2816	MAIN	BUILD-READ+RECALL	no	no	src/juno_apply.c:597	engine_b/eb_coefs.c:32
2832	MAIN	BUILD-READ+RECALL	no	no	src/juno_apply.c:597	engine_b/eb_coefs.c:32
2848	MAIN	BUILD-READ	no	no	-	engine_b/eb_coefs.c:28
2864	MAIN	BUILD-READ	no	no	-	engine_b/eb_coefs.c:26
2880	MAIN	BUILD-READ	no	no	-	engine_b/eb_coefs.c:26
2896	MAIN	BUILD-READ	no	no	-	engine_b/eb_coefs.c:26
2912	MAIN	BUILD-READ	no	no	-	engine_b/eb_coefs.c:27
2928	MAIN	BUILD-READ	no	no	-	engine_b/eb_coefs.c:27
2944	MAIN	BUILD-READ	no	no	-	engine_b/eb_coefs.c:27
2960	MAIN	BUILD-READ	no	no	-	engine_b/eb_coefs.c:28
2976	MAIN	BUILD-READ	no	no	-	engine_b/eb_coefs.c:28
2992	MAIN	BUILD-READ	no	no	-	engine_b/eb_coefs.c:29
3008	MAIN	BUILD-READ	no	no	-	engine_b/eb_coefs.c:29
3040	MAIN	BUILD-READ+RECALL	no	no	src/juno_apply.c:667	engine_b/eb_coefs.c:275
3072	MAIN	STATE-SEED	render-only	no	-	engine_b/eb_coefs.c:327
3104	MAIN	STATE-SEED	render-only	no	-	engine_b/eb_coefs.c:328
3120	MAIN	STATE-SEED	render-only	no	-	engine_b/eb_coefs.c:329
3152	MAIN	STATE-SEED	no	no	-	engine_b/eb_coefs.c:330
3200	MAIN	STATE-SEED	render-only	no	-	engine_b/eb_coefs.c:331
3264	MAIN	BUILD-READ+RECALL	no	no	src/juno_apply.c:597	engine_b/eb_coefs.c:31
3280	MAIN	BUILD-READ+RECALL	no	no	src/juno_apply.c:597	engine_b/eb_coefs.c:31
3296	MAIN	BUILD-READ+RECALL	no	no	src/juno_apply.c:597	engine_b/eb_coefs.c:32
3312	MAIN	BUILD-READ+RECALL	no	no	src/juno_apply.c:597	engine_b/eb_coefs.c:32
3328	MAIN	BUILD-READ	no	no	-	engine_b/eb_coefs.c:28
3344	MAIN	BUILD-READ	no	no	-	engine_b/eb_coefs.c:26
3360	MAIN	BUILD-READ	no	no	-	engine_b/eb_coefs.c:26
3376	MAIN	BUILD-READ	no	no	-	engine_b/eb_coefs.c:26
3392	MAIN	BUILD-READ	no	no	-	engine_b/eb_coefs.c:27
3408	MAIN	BUILD-READ	no	no	-	engine_b/eb_coefs.c:27
3424	MAIN	BUILD-READ	no	no	-	engine_b/eb_coefs.c:27
3440	MAIN	BUILD-READ	no	no	-	engine_b/eb_coefs.c:28
3456	MAIN	BUILD-READ	no	no	-	engine_b/eb_coefs.c:28
3472	MAIN	BUILD-READ	no	no	-	engine_b/eb_coefs.c:29
3488	MAIN	BUILD-READ	no	no	-	engine_b/eb_coefs.c:29
3552	MAIN	BUILD-READ	no	no	-	engine_b/eb_coefs.c:42
3584	MAIN	BUILD-READ	no	no	-	engine_b/eb_coefs.c:42
3600	MAIN	BUILD-READ	no	no	-	engine_b/eb_coefs.c:42
3840	MAIN	BUILD-READ+RECALL	no	no	src/juno_apply.c:624	engine_b/eb_coefs.c:269
3856	MAIN	BUILD-READ	no	no	-	engine_b/eb_coefs.c:42
3872	MAIN	BUILD-READ	no	no	-	engine_b/eb_coefs.c:42
3888	MAIN	BUILD-READ+RECALL	no	no	src/juno_apply.c:383	engine_b/eb_coefs.c:42
3904	MAIN	BUILD-READ+RECALL	no	no	src/juno_apply.c:384	engine_b/eb_coefs.c:42
3920	MAIN	BUILD-READ+RECALL	no	no	src/juno_apply.c:385	engine_b/eb_coefs.c:42
3936	MAIN	BUILD-READ+RECALL	no	no	src/juno_apply.c:386	engine_b/eb_coefs.c:42
3952	MAIN	BUILD-READ	no	no	-	engine_b/eb_coefs.c:42
3968	MAIN	BUILD-READ+RECALL	YES	YES	src/juno_apply.c:504,src/juno_apply.c:661	engine_b/eb_coefs.c:42
3984	MAIN	BUILD-READ+RECALL	no	no	src/juno_apply.c:454	engine_b/eb_coefs.c:42
4000	MAIN	BUILD-READ	no	no	-	engine_b/eb_coefs.c:42
4016	MAIN	BUILD-READ	no	no	-	engine_b/eb_coefs.c:42
4032	MAIN	BUILD-READ+RECALL	no	no	src/juno_apply.c:597	engine_b/eb_coefs.c:42
4048	MAIN	BUILD-READ	no	no	-	engine_b/eb_coefs.c:42
4064	MAIN	BUILD-READ	no	no	-	engine_b/eb_coefs.c:42
4080	MAIN	BUILD-READ	no	no	-	engine_b/eb_coefs.c:42
4096	MAIN	BUILD-READ	no	no	-	engine_b/eb_coefs.c:42
4112	MAIN	BUILD-READ	no	no	-	engine_b/eb_coefs.c:42
4128	MAIN	BUILD-READ+RECALL	no	no	src/juno_apply.c:452	engine_b/eb_coefs.c:42
4144	MAIN	BUILD-READ+RECALL	no	no	src/juno_apply.c:597	engine_b/eb_coefs.c:42
4160	MAIN	BUILD-READ	no	no	-	engine_b/eb_coefs.c:42
4176	MAIN	BUILD-READ	no	no	-	engine_b/eb_coefs.c:42
4192	MAIN	BUILD-READ+RECALL	no	no	src/juno_apply.c:597	engine_b/eb_coefs.c:134
4208	MAIN	BUILD-READ+RECALL	no	no	src/juno_apply.c:597	engine_b/eb_coefs.c:134
4224	MAIN	BUILD-READ+RECALL	no	no	src/juno_apply.c:597	engine_b/eb_coefs.c:135
4336	MAIN	BUILD-READ	no	no	-	engine_b/eb_coefs.c:176
4352	MAIN	BUILD-READ	no	no	-	engine_b/eb_coefs.c:176
4368	MAIN	BUILD-READ	no	no	-	engine_b/eb_coefs.c:177
4384	MAIN	BUILD-READ	no	no	-	engine_b/eb_coefs.c:177
4400	MAIN	BUILD-READ	no	no	-	engine_b/eb_coefs.c:178
4448	MAIN	BUILD-READ	no	no	-	engine_b/eb_coefs.c:268
5520	MAIN	BUILD-READ+RECALL	YES	YES	src/juno_apply.c:480	engine_b/eb_coefs.c:213
5536	MAIN	BUILD-READ	no	no	-	engine_b/eb_coefs.c:213
5552	MAIN	BUILD-READ	no	no	-	engine_b/eb_coefs.c:140
5568	MAIN	BUILD-READ	no	no	-	engine_b/eb_coefs.c:214
5584	MAIN	BUILD-READ	no	no	-	engine_b/eb_coefs.c:143
5600	MAIN	BUILD-READ	no	no	-	engine_b/eb_coefs.c:138
5616	MAIN	BUILD-READ	no	no	-	engine_b/eb_coefs.c:138
5632	MAIN	BUILD-READ	no	no	-	engine_b/eb_coefs.c:139
5648	MAIN	BUILD-READ	no	no	-	engine_b/eb_coefs.c:136
5664	MAIN	BUILD-READ	no	no	-	engine_b/eb_coefs.c:136
5680	MAIN	BUILD-READ	no	no	-	engine_b/eb_coefs.c:137
5696	MAIN	BUILD-READ	no	no	-	engine_b/eb_coefs.c:170
5712	MAIN	BUILD-READ	no	no	-	engine_b/eb_coefs.c:170
5728	MAIN	BUILD-READ	no	no	-	engine_b/eb_coefs.c:170
5744	MAIN	BUILD-READ	no	no	-	engine_b/eb_coefs.c:170
5760	MAIN	BUILD-READ	no	no	-	engine_b/eb_coefs.c:170
5776	MAIN	BUILD-READ	no	no	-	engine_b/eb_coefs.c:170
5792	MAIN	BUILD-READ	no	no	-	engine_b/eb_coefs.c:170
5808	MAIN	BUILD-READ	no	no	-	engine_b/eb_coefs.c:170
5824	MAIN	BUILD-READ	no	no	-	engine_b/eb_coefs.c:170
5840	MAIN	BUILD-READ	no	no	-	engine_b/eb_coefs.c:170
5856	MAIN	BUILD-READ	no	no	-	engine_b/eb_coefs.c:170
5872	MAIN	BUILD-READ	no	no	-	engine_b/eb_coefs.c:170
5888	MAIN	BUILD-READ	no	no	-	engine_b/eb_coefs.c:170
5904	MAIN	BUILD-READ	no	no	-	engine_b/eb_coefs.c:170
5920	MAIN	BUILD-READ	no	no	-	engine_b/eb_coefs.c:170
5936	MAIN	BUILD-READ	no	no	-	engine_b/eb_coefs.c:170
5952	MAIN	BUILD-READ	no	no	-	engine_b/eb_coefs.c:141
5968	MAIN	BUILD-READ	no	no	-	engine_b/eb_coefs.c:141
5984	MAIN	BUILD-READ	no	no	-	engine_b/eb_coefs.c:142
6000	MAIN	BUILD-READ	no	no	-	engine_b/eb_coefs.c:142
6016	MAIN	BUILD-READ	no	no	-	engine_b/eb_coefs.c:143
6256	MAIN	BUILD-READ	no	no	-	engine_b/eb_coefs.c:171
6272	MAIN	BUILD-READ	no	no	-	engine_b/eb_coefs.c:171
6288	MAIN	BUILD-READ	no	no	-	engine_b/eb_coefs.c:214
6304	MAIN	BUILD-READ	no	no	-	engine_b/eb_coefs.c:215
6320	MAIN	BUILD-READ	no	no	-	engine_b/eb_coefs.c:215
6336	MAIN	BUILD-READ	no	no	-	engine_b/eb_coefs.c:172
6416	MAIN	BUILD-READ	no	no	-	engine_b/eb_coefs.c:181
6448	MAIN	BUILD-READ	no	no	-	engine_b/eb_coefs.c:181
6512	MAIN	BUILD-READ	no	no	-	engine_b/eb_coefs.c:182
6528	MAIN	BUILD-READ+RECALL	no	no	src/juno_apply.c:597	engine_b/eb_coefs.c:182
6576	MAIN	BUILD-READ	no	no	-	engine_b/eb_coefs.c:52
6608	MAIN	BUILD-READ	no	no	-	engine_b/eb_coefs.c:52
6640	MAIN	BUILD-READ	no	no	-	engine_b/eb_coefs.c:53
6672	MAIN	BUILD-READ	no	no	-	engine_b/eb_coefs.c:53
6720	MAIN	BUILD-READ	no	no	-	engine_b/eb_coefs.c:54
6736	MAIN	BUILD-READ+RECALL	no	no	src/juno_apply.c:597	engine_b/eb_coefs.c:54
6752	MAIN	BUILD-READ	no	no	-	engine_b/eb_coefs.c:55
6768	MAIN	BUILD-READ	no	no	-	engine_b/eb_coefs.c:55
6784	MAIN	BUILD-READ	no	no	-	engine_b/eb_coefs.c:56
6800	MAIN	BUILD-READ	no	no	-	engine_b/eb_coefs.c:56
6816	MAIN	BUILD-READ	no	no	-	engine_b/eb_coefs.c:57
6832	MAIN	BUILD-READ+RECALL	no	no	src/juno_apply.c:597	engine_b/eb_coefs.c:57
6864	MAIN	BUILD-READ+NOTE	YES	YES	src/juno_note.c:196,src/juno_note.c:320	engine_b/eb_coefs.c:58
6896	MAIN	STATE-SEED	render-only	no	-	engine_b/eb_coefs.c:333
6928	MAIN	BUILD-READ	no	no	-	engine_b/eb_coefs.c:58
6944	MAIN	BUILD-READ	no	no	-	engine_b/eb_coefs.c:59
6960	MAIN	BUILD-READ	no	no	-	engine_b/eb_coefs.c:59
7008	MAIN	BUILD-READ	no	no	-	engine_b/eb_coefs.c:60
7024	MAIN	BUILD-READ	no	no	-	engine_b/eb_coefs.c:60
7088	MAIN	STATE-SEED	no	no	-	engine_b/eb_coefs.c:334
7120	MAIN	BUILD-READ	no	no	-	engine_b/eb_coefs.c:61
7136	MAIN	BUILD-READ	no	no	-	engine_b/eb_coefs.c:61
7152	MAIN	BUILD-READ	no	no	-	engine_b/eb_coefs.c:62
7168	MAIN	STATE-SEED	no	no	-	engine_b/eb_coefs.c:335
7200	MAIN	BUILD-READ	no	no	-	engine_b/eb_coefs.c:62
7216	MAIN	BUILD-READ	no	no	-	engine_b/eb_coefs.c:63
7232	MAIN	BUILD-READ	no	no	-	engine_b/eb_coefs.c:63
7296	MAIN	BUILD-READ	no	no	-	engine_b/eb_coefs.c:64
7312	MAIN	BUILD-READ	no	no	-	engine_b/eb_coefs.c:64
7328	MAIN	BUILD-READ	no	no	-	engine_b/eb_coefs.c:65
7344	MAIN	BUILD-READ+RECALL	no	no	src/juno_apply.c:597	engine_b/eb_coefs.c:65
7360	MAIN	BUILD-READ+RECALL	no	no	src/juno_apply.c:455	engine_b/eb_coefs.c:66
7376	MAIN	BUILD-READ	no	no	-	engine_b/eb_coefs.c:66
7392	MAIN	BUILD-READ+RECALL	no	no	src/juno_apply.c:597	engine_b/eb_coefs.c:67
7408	MAIN	BUILD-READ+RECALL	no	no	src/juno_apply.c:597	engine_b/eb_coefs.c:67
7424	MAIN	BUILD-READ+RECALL	no	no	src/juno_apply.c:681	engine_b/eb_coefs.c:68
7440	MAIN	BUILD-READ	no	no	-	engine_b/eb_coefs.c:68
7456	MAIN	BUILD-READ	no	no	-	engine_b/eb_coefs.c:69
7472	MAIN	BUILD-READ+RECALL	no	no	src/juno_apply.c:453	engine_b/eb_coefs.c:69
7488	MAIN	BUILD-READ	no	no	-	engine_b/eb_coefs.c:70
7504	MAIN	BUILD-READ	no	no	-	engine_b/eb_coefs.c:70
7520	MAIN	STATE-SEED	render-only	no	-	engine_b/eb_coefs.c:342
7536	MAIN	STATE-SEED	no	no	-	engine_b/eb_coefs.c:342
7552	MAIN	STATE-SEED	no	no	-	engine_b/eb_coefs.c:343
7568	MAIN	STATE-SEED	no	no	-	engine_b/eb_coefs.c:343
7600	MAIN	BUILD-READ+RECALL	YES	YES	src/juno_apply.c:481	engine_b/eb_coefs.c:188
7616	MAIN	BUILD-READ	no	no	-	engine_b/eb_coefs.c:188
7632	MAIN	BUILD-READ	no	no	-	engine_b/eb_coefs.c:189
7648	MAIN	BUILD-READ	no	no	-	engine_b/eb_coefs.c:189
7664	MAIN	BUILD-READ	no	no	-	engine_b/eb_coefs.c:190
7680	MAIN	BUILD-READ	no	no	-	engine_b/eb_coefs.c:190
7696	MAIN	BUILD-READ	no	no	-	engine_b/eb_coefs.c:191
7712	MAIN	BUILD-READ	no	no	-	engine_b/eb_coefs.c:191
7728	MAIN	BUILD-READ	no	no	-	engine_b/eb_coefs.c:192
7744	MAIN	BUILD-READ	no	no	-	engine_b/eb_coefs.c:192
7760	MAIN	BUILD-READ	no	no	-	engine_b/eb_coefs.c:193
7776	MAIN	BUILD-READ	no	no	-	engine_b/eb_coefs.c:193
7792	MAIN	BUILD-READ	no	no	-	engine_b/eb_coefs.c:194
7824	MAIN	BUILD-READ	no	no	-	engine_b/eb_coefs.c:194
7840	MAIN	BUILD-READ	no	no	-	engine_b/eb_coefs.c:195
7856	MAIN	BUILD-READ	no	no	-	engine_b/eb_coefs.c:195
7872	MAIN	BUILD-READ	no	no	-	engine_b/eb_coefs.c:196
7888	MAIN	BUILD-READ	no	no	-	engine_b/eb_coefs.c:196
7904	MAIN	BUILD-READ	no	no	-	engine_b/eb_coefs.c:197
7920	MAIN	BUILD-READ	no	no	-	engine_b/eb_coefs.c:197
7936	MAIN	BUILD-READ	no	no	-	engine_b/eb_coefs.c:198
7952	MAIN	BUILD-READ	no	no	-	engine_b/eb_coefs.c:198
7968	MAIN	BUILD-READ	no	no	-	engine_b/eb_coefs.c:199
7984	MAIN	BUILD-READ	no	no	-	engine_b/eb_coefs.c:199
8000	MAIN	BUILD-READ	no	no	-	engine_b/eb_coefs.c:200
8016	MAIN	BUILD-READ	no	no	-	engine_b/eb_coefs.c:200
8032	MAIN	BUILD-READ	no	no	-	engine_b/eb_coefs.c:201
8048	MAIN	BUILD-READ	no	no	-	engine_b/eb_coefs.c:201
8064	MAIN	BUILD-READ	no	no	-	engine_b/eb_coefs.c:202
8080	MAIN	BUILD-READ	no	no	-	engine_b/eb_coefs.c:202
8096	MAIN	BUILD-READ	no	no	-	engine_b/eb_coefs.c:203
8112	MAIN	BUILD-READ	no	no	-	engine_b/eb_coefs.c:203
8128	MAIN	BUILD-READ	no	no	-	engine_b/eb_coefs.c:204
8144	MAIN	BUILD-READ	no	no	-	engine_b/eb_coefs.c:204
8160	MAIN	BUILD-READ	no	no	-	engine_b/eb_coefs.c:205
8176	MAIN	BUILD-READ	no	no	-	engine_b/eb_coefs.c:205
8192	MAIN	BUILD-READ	no	no	-	engine_b/eb_coefs.c:206
9072	MAIN	BUILD-READ	no	no	-	engine_b/eb_coefs.c:78
9088	MAIN	BUILD-READ	no	no	-	engine_b/eb_coefs.c:79
9104	MAIN	BUILD-READ	no	no	-	engine_b/eb_coefs.c:79
9120	MAIN	BUILD-READ	no	no	-	engine_b/eb_coefs.c:82
9136	MAIN	BUILD-READ	no	no	-	engine_b/eb_coefs.c:82
9152	MAIN	BUILD-READ	no	no	-	engine_b/eb_coefs.c:83
9168	MAIN	BUILD-READ	no	no	-	engine_b/eb_coefs.c:83
9184	MAIN	BUILD-READ	no	no	-	engine_b/eb_coefs.c:78
9200	MAIN	BUILD-READ	no	no	-	engine_b/eb_coefs.c:80
9216	MAIN	BUILD-READ	no	no	-	engine_b/eb_coefs.c:80
9232	MAIN	BUILD-READ	no	no	-	engine_b/eb_coefs.c:81
9248	MAIN	BUILD-READ	no	no	-	engine_b/eb_coefs.c:81
9264	MAIN	BUILD-READ	no	no	-	engine_b/eb_coefs.c:84
9280	MAIN	BUILD-READ	no	no	-	engine_b/eb_coefs.c:84
9296	MAIN	BUILD-READ	no	no	-	engine_b/eb_coefs.c:84
9312	MAIN	BUILD-READ	no	no	-	engine_b/eb_coefs.c:84
9328	MAIN	BUILD-READ	no	no	-	engine_b/eb_coefs.c:84
9344	MAIN	BUILD-READ	no	no	-	engine_b/eb_coefs.c:84
9360	MAIN	BUILD-READ	no	no	-	engine_b/eb_coefs.c:84
9376	MAIN	BUILD-READ	no	no	-	engine_b/eb_coefs.c:84
9392	MAIN	BUILD-READ	no	no	-	engine_b/eb_coefs.c:84
9408	MAIN	BUILD-READ	no	no	-	engine_b/eb_coefs.c:84
9424	MAIN	BUILD-READ	no	no	-	engine_b/eb_coefs.c:84
9440	MAIN	BUILD-READ	no	no	-	engine_b/eb_coefs.c:84
9456	MAIN	BUILD-READ	no	no	-	engine_b/eb_coefs.c:84
9472	MAIN	BUILD-READ	no	no	-	engine_b/eb_coefs.c:84
9488	MAIN	BUILD-READ	no	no	-	engine_b/eb_coefs.c:84
9504	MAIN	BUILD-READ	no	no	-	engine_b/eb_coefs.c:84
9520	MAIN	BUILD-READ	no	no	-	engine_b/eb_coefs.c:77
9536	MAIN	BUILD-READ	no	no	-	engine_b/eb_coefs.c:77
9552	MAIN	BUILD-READ	no	no	-	engine_b/eb_coefs.c:90
9584	MAIN	BUILD-READ+RECALL	no	no	src/juno_apply.c:597	engine_b/eb_coefs.c:90
9600	MAIN	BUILD-READ+RECALL	no	no	src/juno_apply.c:682	engine_b/eb_coefs.c:91
9616	MAIN	BUILD-READ	no	no	-	engine_b/eb_coefs.c:91
9680	MAIN	BUILD-READ+NOTE	YES	YES	src/juno_note.c:197,src/juno_note.c:321	engine_b/eb_coefs.c:92
9712	MAIN	STATE-SEED	render-only	no	-	engine_b/eb_coefs.c:336
9744	MAIN	BUILD-READ	no	no	-	engine_b/eb_coefs.c:92
9776	MAIN	STATE-SEED	render-only	no	-	engine_b/eb_coefs.c:336
9808	MAIN	BUILD-READ	no	no	-	engine_b/eb_coefs.c:93
9824	MAIN	BUILD-READ+NOTE	YES	YES	src/juno_note.c:201,src/juno_note.c:306	engine_b/eb_coefs.c:93
9856	MAIN	STATE-SEED	render-only	no	-	engine_b/eb_coefs.c:337
9888	MAIN	BUILD-READ	no	no	-	engine_b/eb_coefs.c:94
9904	MAIN	STATE-SEED	render-only	no	-	engine_b/eb_coefs.c:337
9952	MAIN	BUILD-READ	no	no	-	engine_b/eb_coefs.c:94
9968	MAIN	BUILD-READ	no	no	-	engine_b/eb_coefs.c:95
9984	MAIN	BUILD-READ	no	no	-	engine_b/eb_coefs.c:95
10000	MAIN	BUILD-READ	no	no	-	engine_b/eb_coefs.c:96
10016	MAIN	BUILD-READ	no	no	-	engine_b/eb_coefs.c:96
10032	MAIN	BUILD-READ	no	no	-	engine_b/eb_coefs.c:97
10096	MAIN	STATE-SEED	render-only	no	-	engine_b/eb_coefs.c:338
10128	MAIN	STATE-SEED	render-only	no	-	engine_b/eb_coefs.c:338
10176	MAIN	BUILD-READ+RECALL	no	no	src/juno_apply.c:418	engine_b/eb_coefs.c:97
10192	MAIN	BUILD-READ+RECALL	no	no	src/juno_apply.c:419	engine_b/eb_coefs.c:98
10208	MAIN	BUILD-READ+RECALL	no	no	src/juno_apply.c:420	engine_b/eb_coefs.c:98
10224	MAIN	BUILD-READ	no	no	-	engine_b/eb_coefs.c:99
10240	MAIN	BUILD-READ+RECALL	no	no	src/hpf_type_lut.c:232,src/hpf_type_lut.c:234,src/hpf_type_lut.c:236,src/juno_apply.c:597	engine_b/eb_coefs.c:99
10256	MAIN	BUILD-READ+RECALL	no	no	src/hpf_type_lut.c:241,src/juno_apply.c:597	engine_b/eb_coefs.c:100
10272	MAIN	BUILD-READ+RECALL	no	no	src/hpf_type_lut.c:242,src/juno_apply.c:597	engine_b/eb_coefs.c:100
10288	MAIN	BUILD-READ+RECALL	no	no	src/hpf_type_lut.c:243,src/juno_apply.c:597	engine_b/eb_coefs.c:101
10304	MAIN	BUILD-READ	no	no	-	engine_b/eb_coefs.c:101
10320	MAIN	BUILD-READ+RECALL	YES	YES	src/juno_apply.c:482	engine_b/eb_coefs.c:102
10336	MAIN	BUILD-READ	no	no	-	engine_b/eb_coefs.c:102
10352	MAIN	BUILD-READ	no	no	-	engine_b/eb_coefs.c:103
10368	MAIN	BUILD-READ	no	no	-	engine_b/eb_coefs.c:103
10384	MAIN	BUILD-READ	no	no	-	engine_b/eb_coefs.c:104
10400	MAIN	BUILD-READ	no	no	-	engine_b/eb_coefs.c:104
10432	MAIN	STATE-SEED	render-only	no	-	engine_b/eb_coefs.c:339
10464	MAIN	BUILD-READ	no	no	-	engine_b/eb_coefs.c:105
10480	MAIN	STATE-SEED	render-only	no	-	engine_b/eb_coefs.c:340
10496	MAIN	STATE-SEED	render-only	no	-	engine_b/eb_coefs.c:340
10512	MAIN	STATE-SEED	render-only	no	-	engine_b/eb_coefs.c:341
10560	MAIN	BUILD-READ	no	no	-	engine_b/eb_coefs.c:105
10576	MAIN	BUILD-READ	no	no	-	engine_b/eb_coefs.c:106
10592	MAIN	BUILD-READ	no	no	-	engine_b/eb_coefs.c:106
10608	MAIN	BUILD-READ	no	no	-	engine_b/eb_coefs.c:107
10624	MAIN	BUILD-READ	no	no	-	engine_b/eb_coefs.c:107
10640	MAIN	BUILD-READ	no	no	-	engine_b/eb_coefs.c:108
