cell	class	scenarios_observing	loudest_dB_rel
192	NOT-CARRIED	0	
224	NOT-CARRIED	0	
256	NOT-CARRIED	0	
288	NOT-CARRIED	0	
320	CARRIED	5	19.6
336	NOT-CARRIED	0	
352	NOT-CARRIED	0	
400	NOT-CARRIED	0	
416	NOT-CARRIED	0	
432	NOT-CARRIED	0	
448	NOT-CARRIED	0	
464	NOT-CARRIED	0	
480	NOT-CARRIED	0	
496	NOT-CARRIED	0	
512	NOT-CARRIED	0	
528	NOT-CARRIED	0	
560	NOT-CARRIED	0	
576	NOT-CARRIED	0	
656	NOT-CARRIED	0	
672	NOT-CARRIED	0	
688	NOT-CARRIED	0	
704	CARRIED	1	-17.3
720	NOT-CARRIED	0	
736	NOT-CARRIED	0	
752	NOT-CARRIED	0	
880	NOT-CARRIED	0	
896	NOT-CARRIED	0	
928	NOT-CARRIED	0	
960	NOT-CARRIED	0	
992	NOT-CARRIED	0	
1024	NOT-CARRIED	0	
1104	NOT-CARRIED	0	
1120	NOT-CARRIED	0	
1136	NOT-CARRIED	0	
1408	NOT-CARRIED	0	
1424	NOT-CARRIED	0	
1440	NOT-CARRIED	0	
1456	NOT-CARRIED	0	
1472	NOT-CARRIED	0	
1488	NOT-CARRIED	0	
1504	CARRIED	1	-53.3
1520	NOT-CARRIED	0	
1536	CARRIED	4	-51.8
1552	NOT-CARRIED	0	
1568	NOT-CARRIED	0	
1584	NOT-CARRIED	0	
1600	NOT-CARRIED	0	
1616	NOT-CARRIED	0	
1648	NOT-CARRIED	0	
1664	NOT-CARRIED	0	
1680	NOT-CARRIED	0	
1696	NOT-CARRIED	0	
1712	NOT-CARRIED	0	
1728	NOT-CARRIED	0	
1744	NOT-CARRIED	0	
1760	NOT-CARRIED	0	
1776	NOT-CARRIED	0	
1792	NOT-CARRIED	0	
1808	NOT-CARRIED	0	
1824	NOT-CARRIED	0	
1840	NOT-CARRIED	0	
2528	NOT-CARRIED	0	
2544	NOT-CARRIED	0	
2576	NOT-CARRIED	0	
2592	CARRIED	5	-43.6
2608	NOT-CARRIED	0	
2624	CARRIED	5	0.2
2640	NOT-CARRIED	0	
2656	NOT-CARRIED	0	
2672	CARRIED	3	-67.5
2688	NOT-CARRIED	0	
2704	NOT-CARRIED	0	
2720	CARRIED	5	-124.2
2736	NOT-CARRIED	0	
2752	NOT-CARRIED	0	
2768	NOT-CARRIED	0	
3056	NOT-CARRIED	0	
3072	CARRIED	3	-55.8
3088	NOT-CARRIED	0	
3104	CARRIED	3	-1.3
3120	NOT-CARRIED	0	
3136	NOT-CARRIED	0	
3152	CARRIED	3	-63.6
3168	NOT-CARRIED	0	
3184	NOT-CARRIED	0	
3200	CARRIED	3	-130.8
3216	NOT-CARRIED	0	
3232	NOT-CARRIED	0	
3248	NOT-CARRIED	0	
3520	CARRIED	5	-128.8
3536	NOT-CARRIED	0	
3568	NOT-CARRIED	0	
3616	NOT-CARRIED	0	
3632	NOT-CARRIED	0	
3648	NOT-CARRIED	0	
3664	NOT-CARRIED	0	
3680	NOT-CARRIED	0	
3696	NOT-CARRIED	0	
3712	NOT-CARRIED	0	
3744	NOT-CARRIED	0	
3760	NOT-CARRIED	0	
3776	NOT-CARRIED	0	
3792	NOT-CARRIED	0	
3808	NOT-CARRIED	0	
3824	NOT-CARRIED	0	
4240	NOT-CARRIED	0	
4256	NOT-CARRIED	0	
4272	NOT-CARRIED	0	
4288	CARRIED	1	-138.1
4304	CARRIED	1	-137.6
4320	NOT-CARRIED	0	
4416	NOT-CARRIED	0	
4640	NOT-CARRIED	0	
4656	NOT-CARRIED	0	
4672	NOT-CARRIED	0	
4736	NOT-CARRIED	0	
4752	NOT-CARRIED	0	
4768	NOT-CARRIED	0	
4784	NOT-CARRIED	0	
4800	NOT-CARRIED	0	
4816	NOT-CARRIED	0	
4832	CARRIED	3	-87.5
4848	NOT-CARRIED	0	
4864	CARRIED	5	-60.1
4880	NOT-CARRIED	0	
4896	NOT-CARRIED	0	
4912	NOT-CARRIED	0	
4928	NOT-CARRIED	0	
4944	CARRIED	5	-129.2
4960	CARRIED	5	-129.2
4976	CARRIED	5	-129.1
4992	CARRIED	5	-129.3
5008	CARRIED	5	-131.2
5024	CARRIED	5	-132.6
5040	CARRIED	5	-134.5
5056	NOT-CARRIED	0	
5072	CARRIED	5	-129.0
5088	CARRIED	5	-129.1
5104	CARRIED	5	-129.0
5120	CARRIED	5	-129.1
5136	CARRIED	5	-130.9
5152	CARRIED	5	-131.9
5168	CARRIED	5	-133.8
5184	NOT-CARRIED	0	
5200	CARRIED	5	-129.2
5216	CARRIED	5	-129.3
5232	CARRIED	5	-129.3
5248	CARRIED	5	-129.2
5264	CARRIED	5	-130.7
5280	CARRIED	5	-132.7
5296	CARRIED	5	-134.9
5312	NOT-CARRIED	0	
5328	CARRIED	5	-129.2
5344	CARRIED	5	-129.0
5360	CARRIED	5	-129.2
5376	CARRIED	5	-130.6
5392	CARRIED	5	-131.9
5408	CARRIED	5	-133.9
5424	CARRIED	5	-137.2
5440	NOT-CARRIED	0	
5456	NOT-CARRIED	0	
5472	CARRIED	5	-129.2
5488	CARRIED	5	-125.2
5504	NOT-CARRIED	0	
6432	NOT-CARRIED	0	
6464	NOT-CARRIED	0	
6480	NOT-CARRIED	0	
6496	NOT-CARRIED	0	
6544	NOT-CARRIED	0	
6560	NOT-CARRIED	0	
6592	NOT-CARRIED	0	
6624	NOT-CARRIED	0	
6656	NOT-CARRIED	0	
6688	NOT-CARRIED	0	
6704	NOT-CARRIED	0	
6848	NOT-CARRIED	0	
6880	NOT-CARRIED	0	
6896	CARRIED	2	-127.4
6912	NOT-CARRIED	0	
6976	NOT-CARRIED	0	
6992	NOT-CARRIED	0	
7040	NOT-CARRIED	0	
7056	NOT-CARRIED	0	
7072	NOT-CARRIED	0	
7088	NOT-CARRIED	0	
7104	NOT-CARRIED	0	
7168	NOT-CARRIED	0	
7184	NOT-CARRIED	0	
7248	NOT-CARRIED	0	
7264	NOT-CARRIED	0	
7280	NOT-CARRIED	0	
7520	NOT-CARRIED	0	
7536	NOT-CARRIED	0	
7552	CARRIED	5	-46.6
7568	CARRIED	5	-128.1
7584	NOT-CARRIED	0	
8208	CARRIED	5	-132.2
8224	CARRIED	5	-110.8
8240	CARRIED	5	-110.1
8256	CARRIED	5	-111.2
8272	CARRIED	5	-110.9
8288	CARRIED	4	-131.0
8304	NOT-CARRIED	0	
8320	NOT-CARRIED	0	
8336	NOT-CARRIED	0	
8352	NOT-CARRIED	0	
8368	NOT-CARRIED	0	
8384	NOT-CARRIED	0	
8400	NOT-CARRIED	0	
8416	NOT-CARRIED	0	
8432	CARRIED	5	-132.1
8448	CARRIED	5	-132.1
8464	CARRIED	5	-132.1
8480	CARRIED	5	-132.3
8496	CARRIED	5	-134.1
8512	CARRIED	5	-134.9
8528	CARRIED	5	-141.1
8544	NOT-CARRIED	0	
8560	CARRIED	5	-131.9
8576	CARRIED	5	-131.9
8592	CARRIED	5	-132.1
8608	CARRIED	5	-132.4
8624	CARRIED	5	-133.8
8640	CARRIED	5	-134.4
8656	CARRIED	5	-139.0
8672	NOT-CARRIED	0	
8688	CARRIED	5	-132.0
8704	CARRIED	5	-132.1
8720	CARRIED	5	-132.2
8736	CARRIED	5	-133.0
8752	CARRIED	5	-135.4
8768	CARRIED	5	-136.6
8784	CARRIED	5	-141.0
8800	NOT-CARRIED	0	
8816	CARRIED	5	-131.9
8832	CARRIED	5	-131.7
8848	CARRIED	5	-132.1
8864	CARRIED	5	-133.5
8880	CARRIED	5	-136.1
8896	CARRIED	5	-138.9
8912	CARRIED	5	-147.7
8928	NOT-CARRIED	0	
8944	CARRIED	5	-130.5
8960	NOT-CARRIED	0	
8976	CARRIED	5	-77.2
8992	NOT-CARRIED	0	
9008	NOT-CARRIED	0	
9024	NOT-CARRIED	0	
9040	NOT-CARRIED	0	
9568	NOT-CARRIED	0	
9632	NOT-CARRIED	0	
9648	NOT-CARRIED	0	
9664	NOT-CARRIED	0	
9696	NOT-CARRIED	0	
9712	NOT-CARRIED	0	
9728	NOT-CARRIED	0	
9760	NOT-CARRIED	0	
9776	CARRIED	5	-95.5
9792	NOT-CARRIED	0	
9840	NOT-CARRIED	0	
9856	CARRIED	5	-98.5
9872	NOT-CARRIED	0	
9904	NOT-CARRIED	0	
9920	NOT-CARRIED	0	
9936	NOT-CARRIED	0	
10048	NOT-CARRIED	0	
10064	NOT-CARRIED	0	
10080	NOT-CARRIED	0	
10096	CARRIED	3	-98.1
10112	NOT-CARRIED	0	
10128	CARRIED	1	-104.3
10144	NOT-CARRIED	0	
10160	NOT-CARRIED	0	
10416	NOT-CARRIED	0	
10432	CARRIED	5	-83.7
10448	NOT-CARRIED	0	
10480	CARRIED	2	-130.8
10496	CARRIED	2	-134.7
10512	NOT-CARRIED	0	
10528	NOT-CARRIED	0	
10544	NOT-CARRIED	0	
10656	NOT-CARRIED	0	
10672	CARRIED	5	-131.5
