param_id	offset	name
0	272	UseExtJack
1	304	M.CV
2	320	M.Gate
3	368	Master Tune
4	384	Part Tune
5	592	Portamento OnOff
6	608	Portamento Mode
7	624	Portamento Time
8	1040	LFO Griffer Rate Sw
9	1056	LFO Tempo Rate Sw
10	1072	LFO Tempo Rate
11	1088	LFO Rate
12	1856	Gate
13	1872	LFO Trig
14	1888	Reset Sw
15	1904	LFO UseExtGate
16	1920	LFO Delay
17	1936	LFO Delay Sw
18	1952	LFO Sin Sw
19	1968	LFO Tri Sw
20	1984	LFO Sqr Sw
21	2000	LFO Saw Sw
22	2016	LFO Saw(Inv) Sw
23	2032	LFO S&H Sw
24	2048	LFO Noise Sw
25	2064	LFO Noise Mix
26	2080	LFO Internal Sw
27	2096	LFO External0 Sw
28	2112	LFO External1 Sw
29	2528	read only
30	2544	read only
31	2560	LFO trigger env sw
32	2784	ENV Attack
33	2800	ENV Sustain
34	2816	ENV Decay
35	2832	ENV Release
36	2848	Q24C Initialize
37	3040	LFO trigger env sw
38	3264	ENV Attack
39	3280	ENV Sustain
40	3296	ENV Decay
41	3312	ENV Release
42	3328	Q24C Initialize
43	3840	OSC1 Feet
44	3856	Griffer Bend SW
45	3872	Bend Enable SW
46	3888	PWM SW LFO
47	3904	PWM SW ENV1
48	3920	PWM SW ENV2
49	3936	PWM SW Manual
50	3952	Tune
51	3968	Detune
52	3984	Mod Sens
53	4000	Mod Sw
54	4016	LFO Gain
55	4032	LFO Level
56	4048	LFO Sw
57	4064	ENV1 Level
58	4080	ENV2 Level
59	4096	ENV Sw
60	4112	Bend Level
61	4128	Bend Range
62	4144	PWM Level
63	4192	JU OSC Saw Lev
64	4208	JU OSC Sqr Lev
65	4224	JU OSC Sub Lev
66	5520	Duty Tune
67	6448	Osc1 Mute
68	6512	Osc1 Level
69	6528	Osc Noise Level
70	6720	Griffer SW
71	6736	LPF Cutoff
72	6832	LPF Resonance
73	6864	Velocity
74	7008	Env1/2
75	7024	Int/Env
76	7296	LFO Gain
77	7312	Ext LFO Sw
78	7328	GRF Bned SW
79	7344	LFO Level
80	7360	MOD Sens
81	7376	MOD SW
82	7392	ENV Level
83	7408	KCV Level
84	7424	Velocity Sens
85	7440	Velocity Offset
86	7456	Bend Level
87	7472	Bend Range
88	7600	Cutoff Tune
89	7616	Resonance Tune
90	7632	PlugIn Sw
91	9056	PlugIn Sw
92	9072	-12dB/oct Tap
93	9088	-18dB/oct Tap
94	9104	-24dB/oct Tap
95	9584	AMP TONE
96	9600	AMP VELOCITY SENS
97	9616	AMP FIX VELOCITY LEVEL
98	9680	Velocity
99	9824	Mute
100	10176	Gate SW
101	10192	ENV1 SW
102	10208	ENV2 SW
103	10224	Ext ENV SW
104	10240	HPF Cutoff
105	10256	HPF Switch
106	10272	Boost LPF Level
107	10288	Boost Thru Level
108	10304	ENV LEVEL
109	10320	AMP LEVEL
110	10784	UseExtJack
111	10816	M.CV
112	10832	M.Gate
113	10880	Master Tune
114	10896	Part Tune
115	11104	Portamento OnOff
116	11120	Portamento Mode
117	11136	Portamento Time
118	11552	LFO Griffer Rate Sw
119	11568	LFO Tempo Rate Sw
120	11584	LFO Tempo Rate
121	11600	LFO Rate
122	12368	Gate
123	12384	LFO Trig
124	12400	Reset Sw
125	12416	LFO UseExtGate
126	12432	LFO Delay
127	12448	LFO Delay Sw
128	12464	LFO Sin Sw
129	12480	LFO Tri Sw
130	12496	LFO Sqr Sw
131	12512	LFO Saw Sw
132	12528	LFO Saw(Inv) Sw
133	12544	LFO S&H Sw
134	12560	LFO Noise Sw
135	12576	LFO Noise Mix
136	12592	LFO Internal Sw
137	12608	LFO External0 Sw
138	12624	LFO External1 Sw
139	13040	read only
140	13056	read only
141	13072	LFO trigger env sw
142	13296	ENV Attack
143	13312	ENV Sustain
144	13328	ENV Decay
145	13344	ENV Release
146	13360	Q24C Initialize
147	13552	LFO trigger env sw
148	13776	ENV Attack
149	13792	ENV Sustain
150	13808	ENV Decay
151	13824	ENV Release
152	13840	Q24C Initialize
153	14352	OSC1 Feet
154	14368	Griffer Bend SW
155	14384	Bend Enable SW
156	14400	PWM SW LFO
157	14416	PWM SW ENV1
158	14432	PWM SW ENV2
159	14448	PWM SW Manual
160	14464	Tune
161	14480	Detune
162	14496	Mod Sens
163	14512	Mod Sw
164	14528	LFO Gain
165	14544	LFO Level
166	14560	LFO Sw
167	14576	ENV1 Level
168	14592	ENV2 Level
169	14608	ENV Sw
170	14624	Bend Level
171	14640	Bend Range
172	14656	PWM Level
173	14704	JU OSC Saw Lev
174	14720	JU OSC Sqr Lev
175	14736	JU OSC Sub Lev
176	16032	Duty Tune
177	16960	Osc1 Mute
178	17024	Osc1 Level
179	17040	Osc Noise Level
180	17232	Griffer SW
181	17248	LPF Cutoff
182	17344	LPF Resonance
183	17376	Velocity
184	17520	Env1/2
185	17536	Int/Env
186	17808	LFO Gain
187	17824	Ext LFO Sw
188	17840	GRF Bned SW
189	17856	LFO Level
190	17872	MOD Sens
191	17888	MOD SW
192	17904	ENV Level
193	17920	KCV Level
194	17936	Velocity Sens
195	17952	Velocity Offset
196	17968	Bend Level
197	17984	Bend Range
198	18112	Cutoff Tune
199	18128	Resonance Tune
200	18144	PlugIn Sw
201	19568	PlugIn Sw
202	19584	-12dB/oct Tap
203	19600	-18dB/oct Tap
204	19616	-24dB/oct Tap
205	20096	AMP TONE
206	20112	AMP VELOCITY SENS
207	20128	AMP FIX VELOCITY LEVEL
208	20192	Velocity
209	20336	Mute
210	20688	Gate SW
211	20704	ENV1 SW
212	20720	ENV2 SW
213	20736	Ext ENV SW
214	20752	HPF Cutoff
215	20768	HPF Switch
216	20784	Boost LPF Level
217	20800	Boost Thru Level
218	20816	ENV LEVEL
219	20832	AMP LEVEL
220	21296	UseExtJack
221	21328	M.CV
222	21344	M.Gate
223	21392	Master Tune
224	21408	Part Tune
225	21616	Portamento OnOff
226	21632	Portamento Mode
227	21648	Portamento Time
228	22064	LFO Griffer Rate Sw
229	22080	LFO Tempo Rate Sw
230	22096	LFO Tempo Rate
231	22112	LFO Rate
232	22880	Gate
233	22896	LFO Trig
234	22912	Reset Sw
235	22928	LFO UseExtGate
236	22944	LFO Delay
237	22960	LFO Delay Sw
238	22976	LFO Sin Sw
239	22992	LFO Tri Sw
240	23008	LFO Sqr Sw
241	23024	LFO Saw Sw
242	23040	LFO Saw(Inv) Sw
243	23056	LFO S&H Sw
244	23072	LFO Noise Sw
245	23088	LFO Noise Mix
246	23104	LFO Internal Sw
247	23120	LFO External0 Sw
248	23136	LFO External1 Sw
249	23552	read only
250	23568	read only
251	23584	LFO trigger env sw
252	23808	ENV Attack
253	23824	ENV Sustain
254	23840	ENV Decay
255	23856	ENV Release
256	23872	Q24C Initialize
257	24064	LFO trigger env sw
258	24288	ENV Attack
259	24304	ENV Sustain
260	24320	ENV Decay
261	24336	ENV Release
262	24352	Q24C Initialize
263	24864	OSC1 Feet
264	24880	Griffer Bend SW
265	24896	Bend Enable SW
266	24912	PWM SW LFO
267	24928	PWM SW ENV1
268	24944	PWM SW ENV2
269	24960	PWM SW Manual
270	24976	Tune
271	24992	Detune
272	25008	Mod Sens
273	25024	Mod Sw
274	25040	LFO Gain
275	25056	LFO Level
276	25072	LFO Sw
277	25088	ENV1 Level
278	25104	ENV2 Level
279	25120	ENV Sw
280	25136	Bend Level
281	25152	Bend Range
282	25168	PWM Level
283	25216	JU OSC Saw Lev
284	25232	JU OSC Sqr Lev
285	25248	JU OSC Sub Lev
286	26544	Duty Tune
287	27472	Osc1 Mute
288	27536	Osc1 Level
289	27552	Osc Noise Level
290	27744	Griffer SW
291	27760	LPF Cutoff
292	27856	LPF Resonance
293	27888	Velocity
294	28032	Env1/2
295	28048	Int/Env
296	28320	LFO Gain
297	28336	Ext LFO Sw
298	28352	GRF Bned SW
299	28368	LFO Level
300	28384	MOD Sens
301	28400	MOD SW
302	28416	ENV Level
303	28432	KCV Level
304	28448	Velocity Sens
305	28464	Velocity Offset
306	28480	Bend Level
307	28496	Bend Range
308	28624	Cutoff Tune
309	28640	Resonance Tune
310	28656	PlugIn Sw
311	30080	PlugIn Sw
312	30096	-12dB/oct Tap
313	30112	-18dB/oct Tap
314	30128	-24dB/oct Tap
315	30608	AMP TONE
316	30624	AMP VELOCITY SENS
317	30640	AMP FIX VELOCITY LEVEL
318	30704	Velocity
319	30848	Mute
320	31200	Gate SW
321	31216	ENV1 SW
322	31232	ENV2 SW
323	31248	Ext ENV SW
324	31264	HPF Cutoff
325	31280	HPF Switch
326	31296	Boost LPF Level
327	31312	Boost Thru Level
328	31328	ENV LEVEL
329	31344	AMP LEVEL
330	31808	UseExtJack
331	31840	M.CV
332	31856	M.Gate
333	31904	Master Tune
334	31920	Part Tune
335	32128	Portamento OnOff
336	32144	Portamento Mode
337	32160	Portamento Time
338	32576	LFO Griffer Rate Sw
339	32592	LFO Tempo Rate Sw
340	32608	LFO Tempo Rate
341	32624	LFO Rate
342	33392	Gate
343	33408	LFO Trig
344	33424	Reset Sw
345	33440	LFO UseExtGate
346	33456	LFO Delay
347	33472	LFO Delay Sw
348	33488	LFO Sin Sw
349	33504	LFO Tri Sw
350	33520	LFO Sqr Sw
351	33536	LFO Saw Sw
352	33552	LFO Saw(Inv) Sw
353	33568	LFO S&H Sw
354	33584	LFO Noise Sw
355	33600	LFO Noise Mix
356	33616	LFO Internal Sw
357	33632	LFO External0 Sw
358	33648	LFO External1 Sw
359	34064	read only
360	34080	read only
361	34096	LFO trigger env sw
362	34320	ENV Attack
363	34336	ENV Sustain
364	34352	ENV Decay
365	34368	ENV Release
366	34384	Q24C Initialize
367	34576	LFO trigger env sw
368	34800	ENV Attack
369	34816	ENV Sustain
370	34832	ENV Decay
371	34848	ENV Release
372	34864	Q24C Initialize
373	35376	OSC1 Feet
374	35392	Griffer Bend SW
375	35408	Bend Enable SW
376	35424	PWM SW LFO
377	35440	PWM SW ENV1
378	35456	PWM SW ENV2
379	35472	PWM SW Manual
380	35488	Tune
381	35504	Detune
382	35520	Mod Sens
383	35536	Mod Sw
384	35552	LFO Gain
385	35568	LFO Level
386	35584	LFO Sw
387	35600	ENV1 Level
388	35616	ENV2 Level
389	35632	ENV Sw
390	35648	Bend Level
391	35664	Bend Range
392	35680	PWM Level
393	35728	JU OSC Saw Lev
394	35744	JU OSC Sqr Lev
395	35760	JU OSC Sub Lev
396	37056	Duty Tune
397	37984	Osc1 Mute
398	38048	Osc1 Level
399	38064	Osc Noise Level
400	38256	Griffer SW
401	38272	LPF Cutoff
402	38368	LPF Resonance
403	38400	Velocity
404	38544	Env1/2
405	38560	Int/Env
406	38832	LFO Gain
407	38848	Ext LFO Sw
408	38864	GRF Bned SW
409	38880	LFO Level
410	38896	MOD Sens
411	38912	MOD SW
412	38928	ENV Level
413	38944	KCV Level
414	38960	Velocity Sens
415	38976	Velocity Offset
416	38992	Bend Level
417	39008	Bend Range
418	39136	Cutoff Tune
419	39152	Resonance Tune
420	39168	PlugIn Sw
421	40592	PlugIn Sw
422	40608	-12dB/oct Tap
423	40624	-18dB/oct Tap
424	40640	-24dB/oct Tap
425	41120	AMP TONE
426	41136	AMP VELOCITY SENS
427	41152	AMP FIX VELOCITY LEVEL
428	41216	Velocity
429	41360	Mute
430	41712	Gate SW
431	41728	ENV1 SW
432	41744	ENV2 SW
433	41760	Ext ENV SW
434	41776	HPF Cutoff
435	41792	HPF Switch
436	41808	Boost LPF Level
437	41824	Boost Thru Level
438	41840	ENV LEVEL
439	41856	AMP LEVEL
440	42320	UseExtJack
441	42352	M.CV
442	42368	M.Gate
443	42416	Master Tune
444	42432	Part Tune
445	42640	Portamento OnOff
446	42656	Portamento Mode
447	42672	Portamento Time
448	43088	LFO Griffer Rate Sw
449	43104	LFO Tempo Rate Sw
450	43120	LFO Tempo Rate
451	43136	LFO Rate
452	43904	Gate
453	43920	LFO Trig
454	43936	Reset Sw
455	43952	LFO UseExtGate
456	43968	LFO Delay
457	43984	LFO Delay Sw
458	44000	LFO Sin Sw
459	44016	LFO Tri Sw
460	44032	LFO Sqr Sw
461	44048	LFO Saw Sw
462	44064	LFO Saw(Inv) Sw
463	44080	LFO S&H Sw
464	44096	LFO Noise Sw
465	44112	LFO Noise Mix
466	44128	LFO Internal Sw
467	44144	LFO External0 Sw
468	44160	LFO External1 Sw
469	44576	read only
470	44592	read only
471	44608	LFO trigger env sw
472	44832	ENV Attack
473	44848	ENV Sustain
474	44864	ENV Decay
475	44880	ENV Release
476	44896	Q24C Initialize
477	45088	LFO trigger env sw
478	45312	ENV Attack
479	45328	ENV Sustain
480	45344	ENV Decay
481	45360	ENV Release
482	45376	Q24C Initialize
483	45888	OSC1 Feet
484	45904	Griffer Bend SW
485	45920	Bend Enable SW
486	45936	PWM SW LFO
487	45952	PWM SW ENV1
488	45968	PWM SW ENV2
489	45984	PWM SW Manual
490	46000	Tune
491	46016	Detune
492	46032	Mod Sens
493	46048	Mod Sw
494	46064	LFO Gain
495	46080	LFO Level
496	46096	LFO Sw
497	46112	ENV1 Level
498	46128	ENV2 Level
499	46144	ENV Sw
500	46160	Bend Level
501	46176	Bend Range
502	46192	PWM Level
503	46240	JU OSC Saw Lev
504	46256	JU OSC Sqr Lev
505	46272	JU OSC Sub Lev
506	47568	Duty Tune
507	48496	Osc1 Mute
508	48560	Osc1 Level
509	48576	Osc Noise Level
510	48768	Griffer SW
511	48784	LPF Cutoff
512	48880	LPF Resonance
513	48912	Velocity
514	49056	Env1/2
515	49072	Int/Env
516	49344	LFO Gain
517	49360	Ext LFO Sw
518	49376	GRF Bned SW
519	49392	LFO Level
520	49408	MOD Sens
521	49424	MOD SW
522	49440	ENV Level
523	49456	KCV Level
524	49472	Velocity Sens
525	49488	Velocity Offset
526	49504	Bend Level
527	49520	Bend Range
528	49648	Cutoff Tune
529	49664	Resonance Tune
530	49680	PlugIn Sw
531	51104	PlugIn Sw
532	51120	-12dB/oct Tap
533	51136	-18dB/oct Tap
534	51152	-24dB/oct Tap
535	51632	AMP TONE
536	51648	AMP VELOCITY SENS
537	51664	AMP FIX VELOCITY LEVEL
538	51728	Velocity
539	51872	Mute
540	52224	Gate SW
541	52240	ENV1 SW
542	52256	ENV2 SW
543	52272	Ext ENV SW
544	52288	HPF Cutoff
545	52304	HPF Switch
546	52320	Boost LPF Level
547	52336	Boost Thru Level
548	52352	ENV LEVEL
549	52368	AMP LEVEL
550	52832	UseExtJack
551	52864	M.CV
552	52880	M.Gate
553	52928	Master Tune
554	52944	Part Tune
555	53152	Portamento OnOff
556	53168	Portamento Mode
557	53184	Portamento Time
558	53600	LFO Griffer Rate Sw
559	53616	LFO Tempo Rate Sw
560	53632	LFO Tempo Rate
561	53648	LFO Rate
562	54416	Gate
563	54432	LFO Trig
564	54448	Reset Sw
565	54464	LFO UseExtGate
566	54480	LFO Delay
567	54496	LFO Delay Sw
568	54512	LFO Sin Sw
569	54528	LFO Tri Sw
570	54544	LFO Sqr Sw
571	54560	LFO Saw Sw
572	54576	LFO Saw(Inv) Sw
573	54592	LFO S&H Sw
574	54608	LFO Noise Sw
575	54624	LFO Noise Mix
576	54640	LFO Internal Sw
577	54656	LFO External0 Sw
578	54672	LFO External1 Sw
579	55088	read only
580	55104	read only
581	55120	LFO trigger env sw
582	55344	ENV Attack
583	55360	ENV Sustain
584	55376	ENV Decay
585	55392	ENV Release
586	55408	Q24C Initialize
587	55600	LFO trigger env sw
588	55824	ENV Attack
589	55840	ENV Sustain
590	55856	ENV Decay
591	55872	ENV Release
592	55888	Q24C Initialize
593	56400	OSC1 Feet
594	56416	Griffer Bend SW
595	56432	Bend Enable SW
596	56448	PWM SW LFO
597	56464	PWM SW ENV1
598	56480	PWM SW ENV2
599	56496	PWM SW Manual
600	56512	Tune
601	56528	Detune
602	56544	Mod Sens
603	56560	Mod Sw
604	56576	LFO Gain
605	56592	LFO Level
606	56608	LFO Sw
607	56624	ENV1 Level
608	56640	ENV2 Level
609	56656	ENV Sw
610	56672	Bend Level
611	56688	Bend Range
612	56704	PWM Level
613	56752	JU OSC Saw Lev
614	56768	JU OSC Sqr Lev
615	56784	JU OSC Sub Lev
616	58080	Duty Tune
617	59008	Osc1 Mute
618	59072	Osc1 Level
619	59088	Osc Noise Level
620	59280	Griffer SW
621	59296	LPF Cutoff
622	59392	LPF Resonance
623	59424	Velocity
624	59568	Env1/2
625	59584	Int/Env
626	59856	LFO Gain
627	59872	Ext LFO Sw
628	59888	GRF Bned SW
629	59904	LFO Level
630	59920	MOD Sens
631	59936	MOD SW
632	59952	ENV Level
633	59968	KCV Level
634	59984	Velocity Sens
635	60000	Velocity Offset
636	60016	Bend Level
637	60032	Bend Range
638	60160	Cutoff Tune
639	60176	Resonance Tune
640	60192	PlugIn Sw
641	61616	PlugIn Sw
642	61632	-12dB/oct Tap
643	61648	-18dB/oct Tap
644	61664	-24dB/oct Tap
645	62144	AMP TONE
646	62160	AMP VELOCITY SENS
647	62176	AMP FIX VELOCITY LEVEL
648	62240	Velocity
649	62384	Mute
650	62736	Gate SW
651	62752	ENV1 SW
652	62768	ENV2 SW
653	62784	Ext ENV SW
654	62800	HPF Cutoff
655	62816	HPF Switch
656	62832	Boost LPF Level
657	62848	Boost Thru Level
658	62864	ENV LEVEL
659	62880	AMP LEVEL
660	63344	UseExtJack
661	63376	M.CV
662	63392	M.Gate
663	63440	Master Tune
664	63456	Part Tune
665	63664	Portamento OnOff
666	63680	Portamento Mode
667	63696	Portamento Time
668	64112	LFO Griffer Rate Sw
669	64128	LFO Tempo Rate Sw
670	64144	LFO Tempo Rate
671	64160	LFO Rate
672	64928	Gate
673	64944	LFO Trig
674	64960	Reset Sw
675	64976	LFO UseExtGate
676	64992	LFO Delay
677	65008	LFO Delay Sw
678	65024	LFO Sin Sw
679	65040	LFO Tri Sw
680	65056	LFO Sqr Sw
681	65072	LFO Saw Sw
682	65088	LFO Saw(Inv) Sw
683	65104	LFO S&H Sw
684	65120	LFO Noise Sw
685	65136	LFO Noise Mix
686	65152	LFO Internal Sw
687	65168	LFO External0 Sw
688	65184	LFO External1 Sw
689	65600	read only
690	65616	read only
691	65632	LFO trigger env sw
692	65856	ENV Attack
693	65872	ENV Sustain
694	65888	ENV Decay
695	65904	ENV Release
696	65920	Q24C Initialize
697	66112	LFO trigger env sw
698	66336	ENV Attack
699	66352	ENV Sustain
700	66368	ENV Decay
701	66384	ENV Release
702	66400	Q24C Initialize
703	66912	OSC1 Feet
704	66928	Griffer Bend SW
705	66944	Bend Enable SW
706	66960	PWM SW LFO
707	66976	PWM SW ENV1
708	66992	PWM SW ENV2
709	67008	PWM SW Manual
710	67024	Tune
711	67040	Detune
712	67056	Mod Sens
713	67072	Mod Sw
714	67088	LFO Gain
715	67104	LFO Level
716	67120	LFO Sw
717	67136	ENV1 Level
718	67152	ENV2 Level
719	67168	ENV Sw
720	67184	Bend Level
721	67200	Bend Range
722	67216	PWM Level
723	67264	JU OSC Saw Lev
724	67280	JU OSC Sqr Lev
725	67296	JU OSC Sub Lev
726	68592	Duty Tune
727	69520	Osc1 Mute
728	69584	Osc1 Level
729	69600	Osc Noise Level
730	69792	Griffer SW
731	69808	LPF Cutoff
732	69904	LPF Resonance
733	69936	Velocity
734	70080	Env1/2
735	70096	Int/Env
736	70368	LFO Gain
737	70384	Ext LFO Sw
738	70400	GRF Bned SW
739	70416	LFO Level
740	70432	MOD Sens
741	70448	MOD SW
742	70464	ENV Level
743	70480	KCV Level
744	70496	Velocity Sens
745	70512	Velocity Offset
746	70528	Bend Level
747	70544	Bend Range
748	70672	Cutoff Tune
749	70688	Resonance Tune
750	70704	PlugIn Sw
751	72128	PlugIn Sw
752	72144	-12dB/oct Tap
753	72160	-18dB/oct Tap
754	72176	-24dB/oct Tap
755	72656	AMP TONE
756	72672	AMP VELOCITY SENS
757	72688	AMP FIX VELOCITY LEVEL
758	72752	Velocity
759	72896	Mute
760	73248	Gate SW
761	73264	ENV1 SW
762	73280	ENV2 SW
763	73296	Ext ENV SW
764	73312	HPF Cutoff
765	73328	HPF Switch
766	73344	Boost LPF Level
767	73360	Boost Thru Level
768	73376	ENV LEVEL
769	73392	AMP LEVEL
770	73856	UseExtJack
771	73888	M.CV
772	73904	M.Gate
773	73952	Master Tune
774	73968	Part Tune
775	74176	Portamento OnOff
776	74192	Portamento Mode
777	74208	Portamento Time
778	74624	LFO Griffer Rate Sw
779	74640	LFO Tempo Rate Sw
780	74656	LFO Tempo Rate
781	74672	LFO Rate
782	75440	Gate
783	75456	LFO Trig
784	75472	Reset Sw
785	75488	LFO UseExtGate
786	75504	LFO Delay
787	75520	LFO Delay Sw
788	75536	LFO Sin Sw
789	75552	LFO Tri Sw
790	75568	LFO Sqr Sw
791	75584	LFO Saw Sw
792	75600	LFO Saw(Inv) Sw
793	75616	LFO S&H Sw
794	75632	LFO Noise Sw
795	75648	LFO Noise Mix
796	75664	LFO Internal Sw
797	75680	LFO External0 Sw
798	75696	LFO External1 Sw
799	76112	read only
800	76128	read only
801	76144	LFO trigger env sw
802	76368	ENV Attack
803	76384	ENV Sustain
804	76400	ENV Decay
805	76416	ENV Release
806	76432	Q24C Initialize
807	76624	LFO trigger env sw
808	76848	ENV Attack
809	76864	ENV Sustain
810	76880	ENV Decay
811	76896	ENV Release
812	76912	Q24C Initialize
813	77424	OSC1 Feet
814	77440	Griffer Bend SW
815	77456	Bend Enable SW
816	77472	PWM SW LFO
817	77488	PWM SW ENV1
818	77504	PWM SW ENV2
819	77520	PWM SW Manual
820	77536	Tune
821	77552	Detune
822	77568	Mod Sens
823	77584	Mod Sw
824	77600	LFO Gain
825	77616	LFO Level
826	77632	LFO Sw
827	77648	ENV1 Level
828	77664	ENV2 Level
829	77680	ENV Sw
830	77696	Bend Level
831	77712	Bend Range
832	77728	PWM Level
833	77776	JU OSC Saw Lev
834	77792	JU OSC Sqr Lev
835	77808	JU OSC Sub Lev
836	79104	Duty Tune
837	80032	Osc1 Mute
838	80096	Osc1 Level
839	80112	Osc Noise Level
840	80304	Griffer SW
841	80320	LPF Cutoff
842	80416	LPF Resonance
843	80448	Velocity
844	80592	Env1/2
845	80608	Int/Env
846	80880	LFO Gain
847	80896	Ext LFO Sw
848	80912	GRF Bned SW
849	80928	LFO Level
850	80944	MOD Sens
851	80960	MOD SW
852	80976	ENV Level
853	80992	KCV Level
854	81008	Velocity Sens
855	81024	Velocity Offset
856	81040	Bend Level
857	81056	Bend Range
858	81184	Cutoff Tune
859	81200	Resonance Tune
860	81216	PlugIn Sw
861	82640	PlugIn Sw
862	82656	-12dB/oct Tap
863	82672	-18dB/oct Tap
864	82688	-24dB/oct Tap
865	83168	AMP TONE
866	83184	AMP VELOCITY SENS
867	83200	AMP FIX VELOCITY LEVEL
868	83264	Velocity
869	83408	Mute
870	83760	Gate SW
871	83776	ENV1 SW
872	83792	ENV2 SW
873	83808	Ext ENV SW
874	83824	HPF Cutoff
875	83840	HPF Switch
876	83856	Boost LPF Level
877	83872	Boost Thru Level
878	83888	ENV LEVEL
879	83904	AMP LEVEL
880	84304	Ext Noise Sw
881	84448	Voice01 Output On/Off
882	84464	Voice23 Output On/Off
883	84480	Voice45 Output On/Off
884	84496	Voice67 Output On/Off
885	84544	Effect SW
886	84560	Mute SW
887	85136	DS Drive
888	85152	DS Level
889	85168	DS Mute
890	85184	DS BiasMute
891	85984	OD TONE
892	86288	DS Drive
893	86304	DS Level
894	86320	DS Mute
895	86336	DS BiasMute
896	87056	DS TONE
897	87616	DS Drive
898	87632	DS Level
899	87648	DS Mute
900	88976	MT TONE
901	89312	DS Drive
902	89328	DS Level
903	89344	DS Mute
904	89360	DS BiasMute
905	90256	FZ TONE
906	91120	Delay Time
907	91136	Error Depth
908	91152	LFO Rate
909	91168	LFO Phase
910	91184	LFO Depth
911	91200	Noise Level
912	91216	Dry Level
913	91232	Wet Level
914	91248	Ip Fc
915	91264	On/Off
916	91280	Mute
917	96336	Delay Time
918	96352	LFO Rate
919	96368	LFO Depth
920	96384	Ip Fc
921	96400	On/Off
922	96416	Mute
923	101072	Patch Level
924	101136	Expression
925	101152	Volume
926	101488	Voice0 Gate Notify
927	101504	Voice0 Note Off Notify
928	101520	Voice1 Gate Notify
929	101536	Voice1 Note Off Notify
930	101552	Voice2 Gate Notify
931	101568	Voice2 Note Off Notify
932	101584	Voice3 Gate Notify
933	101600	Voice3 Note Off Notify
934	101616	Voice4 Gate Notify
935	101632	Voice4 Note Off Notify
936	101648	Voice5 Gate Notify
937	101664	Voice5 Note Off Notify
938	101680	Voice6 Gate Notify
939	101696	Voice6 Note Off Notify
940	101712	Voice7 Gate Notify
941	101728	Voice7 Note Off Notify
942	101744	DLY Mute
943	102352	Delay Time
944	102368	High Cut C0
945	102384	High Cut A0
946	102400	High Cut A1
947	102416	High Cut B0
948	102432	High Cut B2
949	102448	Use IIR High Cut Filter
950	102464	High Cut Fc
951	102480	High Cut Qc
952	102496	High Cut Sw
953	102512	Dry Level
954	102528	Wet Level
955	102544	Ip Fc
956	102560	Feedback
957	102576	On/Off
958	102592	Mute
959	102608	LF Damp Fc
960	102624	LF Damp Hp
961	102640	LF Damp Lp
962	102656	HF Damp Fc
963	102672	HF Damp Hp
964	102688	HF Damp Lp
965	4297584	Delay Time
966	4297600	High Cut C0
967	4297616	High Cut A0
968	4297632	High Cut A1
969	4297648	High Cut B0
970	4297664	High Cut B2
971	4297680	Use IIR High Cut Filter
972	4297696	High Cut Fc
973	4297712	High Cut Qc
974	4297728	High Cut Sw
975	4297744	Dry Level
976	4297760	Wet Level
977	4297776	Ip Fc
978	4297792	Tap Time
979	4297808	Feedback
980	4297824	On/Off
981	4297840	Mute
982	4297856	Tap Sw
983	4297872	Stereo Sw
984	4297888	Wet Gain
985	4297904	LF Damp Fc
986	4297920	LF Damp Hp
987	4297936	LF Damp Lp
988	4297952	HF Damp Fc
989	4297968	HF Damp Hp
990	4297984	HF Damp Lp
991	6395312	Chorus CV
992	6395328	Chrus LFO Sync
993	6396128	Delay Time
994	6396144	LFO Curve
995	6396160	LFO Manual
996	6396176	LFO Depth
997	6396192	High Cut C0
998	6396208	High Cut A0
999	6396224	High Cut A1
1000	6396240	High Cut B0
1001	6396256	High Cut B2
1002	6396272	Use IIR High Cut Filter
1003	6396288	High Cut Fc
1004	6396304	High Cut Qc
1005	6396320	High Cut Sw
1006	6396336	Low Cut Fc
1007	6396352	Low Cut Sw
1008	6396368	Dry Level
1009	6396384	Wet Level
1010	6396400	Ip Fc
1011	6396416	Feedback
1012	6396432	On/Off
1013	6396448	Mute
1014	6396464	Tap Sw
1015	6396480	Stereo Sw
1016	6396496	Dry Gain
1017	6396512	Wet Gain
1018	6429472	Flanger CV
1019	6429488	Flanger LFO Sync
1020	6430464	Delay Time
1021	6430480	LFO Curve
1022	6430496	LFO Manual
1023	6430512	LFO Depth
1024	6430528	High Cut C0
1025	6430544	High Cut A0
1026	6430560	High Cut A1
1027	6430576	High Cut B0
1028	6430592	High Cut B2
1029	6430608	Use IIR High Cut Filter
1030	6430624	High Cut Fc
1031	6430640	High Cut Qc
1032	6430656	High Cut Sw
1033	6430672	Low Cut Fc
1034	6430688	Low Cut Sw
1035	6430704	Dry Level
1036	6430720	Wet Level
1037	6430736	Ip Fc
1038	6430752	Feedback
1039	6430768	On/Off
1040	6430784	Mute
1041	6430800	LFO St.Phase
1042	6430816	LFO St.Ofst
1043	6497168	Delay Time
1044	6497184	High Cut C0
1045	6497200	High Cut A0
1046	6497216	High Cut A1
1047	6497232	High Cut B0
1048	6497248	High Cut B2
1049	6497264	Use IIR High Cut Filter
1050	6497280	High Cut Fc
1051	6497296	High Cut Qc
1052	6497312	High Cut Sw
1053	6497328	Dry Level
1054	6497344	Wet Level
1055	6497360	Ip Fc
1056	6497376	Feedback
1057	6497392	On/Off
1058	6497408	Mute
1059	6497424	LF Damp Fc
1060	6497440	LF Damp Hp
1061	6497456	LF Damp Lp
1062	6497472	HF Damp Fc
1063	6497488	HF Damp Hp
1064	6497504	HF Damp Lp
1065	10692016	Chorus CV
1066	10692032	Chrus LFO Sync
1067	10693008	Delay Time
1068	10693024	LFO Curve
1069	10693040	LFO Manual
1070	10693056	LFO Depth
1071	10693072	High Cut C0
1072	10693088	High Cut A0
1073	10693104	High Cut A1
1074	10693120	High Cut B0
1075	10693136	High Cut B2
1076	10693152	Use IIR High Cut Filter
1077	10693168	High Cut Fc
1078	10693184	High Cut Qc
1079	10693200	High Cut Sw
1080	10693216	Low Cut Fc
1081	10693232	Low Cut Sw
1082	10693248	Dry Level
1083	10693264	Wet Level
1084	10693280	Ip Fc
1085	10693296	Feedback
1086	10693312	On/Off
1087	10693328	Mute
1088	10693344	LFO St.Phase
1089	10693360	LFO St.Ofst
1090	10759360	Rev Dpm PreDly
1091	10759376	Rev Ecf On
1092	10759392	Rev Ecf Density
1093	10759408	Rev Ecf Level
1094	10759424	Rev Ecf Dir Lev
1095	10759440	Rev Ecf Glb Lev
1096	10759456	Rev Ecf Mute
1097	10759472	Rev Ecf In Att 
1098	10759488	Rev Ecf Depth
1099	10759504	Rev Ecf Rate
1100	10759520	Rev Ecf HPF C0
1101	10759536	Rev Ecf HPF A0
1102	10759552	Rev Ecf HPF B0
1103	10759568	Rev Ecf LPF C0
1104	10759584	Rev Ecf LPF A0
1105	10759600	Rev Ecf LPF A1
1106	10759616	Rev Ecf LPF B0
1107	10759632	Rev Ecf LPF B1
1108	10759648	Rev Ecf DPF0 Fc
1109	10759664	Rev Ecf DPF0 Hp
1110	10759680	Rev Ecf DPF0 Lp
1111	10759696	Rev Ecf DPF1 Fc
1112	10759712	Rev Ecf DPF1 Hp
1113	10759728	Rev Ecf DPF1 Lp
1114	10759744	Rev Ecf DPF2 Fc
1115	10759760	Rev Ecf DPF2 Hp
1116	10759776	Rev Ecf DPF2 Lp
1117	10759792	Rev Ecf DPF3 Fc
1118	10759808	Rev Ecf DPF3 Hp
1119	10759824	Rev Ecf DPF3 Lp
1120	10759840	Rev Ecf DlyMute
